ID,Character,Slot,BlastSkillName,BlastCategory,Type,Base Damage,"Base Damage
After Patch",Boosted Damage,"Boosted Damage
After Patch",BlastImpactPower,"Max
ExpendEnergy","Trigger
ExpendEnergy",LungeSpeed,MoveLimitTime,TargetGiant,Unblockable,Destroy Map,Audience Flees,"Lock On
Needed","Beam Clash
Capable","Dash Clash
Capable",Trait 1,Trait 2,Trait 3,Trait 4,OperationalTrait
1,Goku (Z - Early),BlastSkill1,Kamehameha,Beam,,7125,7125,10715,8550,5,30000,30000,,,,,,,,TRUE,,,Chargeable,,,
1,Goku (Z - Early),BlastSkill2,Kioken Attack,Rush,Lunge Fighting,8375,8375,9213,10050,,30000,15000,8750,2,No,,,,TRUE,,TRUE,,,Played after a hit,,
1,Goku (Z - Early),BlastUltimate,Spirit Bomb,Fire,,15000,15000,18001,19500,12,50000,50000,,,,TRUE,,TRUE,,TRUE,,,In Sparking! Mode,Unguardable,Played after a hit,
2,Goku (Z - Mid),BlastSkill1,x20 Kamehameha,Beam,,7480,7485,8225,8982,5,30000,30000,,,,,,TRUE,,TRUE,,,,,,
2,Goku (Z - Mid),BlastSkill2,Kioken Rush,Rush,Lunge Fighting,8794,8794,9674,10553,,30000,15000,8750,2,No,,,,TRUE,,TRUE,,,Played after a hit,,
2,Goku (Z - Mid),BlastUltimate,Spirit Bomb,Fire,,15750,15750,18900,20475,12,50000,50000,,,,TRUE,,TRUE,,TRUE,,,In Sparking! Mode,Unguardable,Played after a hit,
3,Goku (Z - Mid) Super Saiyan,BlastSkill1,Super Kamehameha,Beam,,8550,8550,12860,10260,5,30000,30000,,,,,,TRUE,,TRUE,,,Chargeable,,,
3,Goku (Z - Mid) Super Saiyan,BlastSkill2,Meteor Blast,Rush,Lunge Fighting,10051,10051,11055,12061,,30000,15000,8750,2,No,,,,TRUE,,TRUE,,,Played after a hit,,
3,Goku (Z - Mid) Super Saiyan,BlastUltimate,Angry Kamehameha,Beam,,18751,18751,22500,24376,9,50000,50000,,,,,,TRUE,,TRUE,,,In Sparking! Mode,Played after a hit,,
4,Goku (Z - End),BlastSkill1,Kamehameha,Beam,,7480,7485,11250,8982,5,30000,30000,,,,,,TRUE,,TRUE,,,Chargeable,,,
4,Goku (Z - End),BlastSkill2,Meteor Smash,Rush,Lunge Fighting,9294,8794,10174,10553,,30000,15000,8750,2,No,,,,TRUE,,TRUE,,,Played after a hit,,
4,Goku (Z - End),BlastUltimate,Super Spirit Bomb,Fire,,17719,17719,21263,23035,12,50000,50000,,,,TRUE,,TRUE,,TRUE,,,In Sparking! Mode,Unguardable,Played after a hit,
5,Goku (Z - End) Super Saiyan,BlastSkill1,Super Kamehameha,Beam,,8550,8550,12860,10260,5,30000,30000,,,,,,TRUE,,TRUE,,,Chargeable,,,
5,Goku (Z - End) Super Saiyan,BlastSkill2,Super Energy Wave Combo,Continuous Fire,,6750,9000,8250,10800,,30000,30000,,,,,,,,,,,,,,
5,Goku (Z - End) Super Saiyan,BlastUltimate,Instant Transmission Kamehameha,Beam,,18001,18001,21600,23401,9,50000,50000,,,,TRUE,,TRUE,TRUE,TRUE,,,In Sparking! Mode,Unguardable,Played after a hit,
6,Goku (Z - End) Super Saiyan 2,BlastSkill1,Instant Transmission Kamehameha,Beam,,8550,8550,12860,10260,5,30000,30000,,,,,,,TRUE,TRUE,,,Chargeable,,,
6,Goku (Z - End) Super Saiyan 2,BlastSkill2,Meteor Crash,Rush,Lunge Fighting,10051,10051,11055,12061,,30000,15000,8750,2,No,,,,TRUE,,TRUE,,,Played after a hit,,
6,Goku (Z - End) Super Saiyan 2,BlastUltimate,Super Kamehameha,Beam,,18751,18751,22500,24376,9,50000,50000,,,,,TRUE,TRUE,,TRUE,,,In Sparking! Mode,Played after a hit,,
7,Goku (Z - End) Super Saiyan 3,BlastSkill1,Super Kamehameha,Beam,,8905,8915,13395,10698,5,30000,30000,,,,,,TRUE,,TRUE,,,Chargeable,,,
7,Goku (Z - End) Super Saiyan 3,BlastSkill2,Super Dragon Twin Fists,Rush,Lunge Fighting,10469,10469,11516,12563,,30000,15000,11700,1,No,,,,TRUE,,TRUE,,,Played after a hit,,
7,Goku (Z - End) Super Saiyan 3,BlastUltimate,Dragon Fist,Rush,Lunge Fighting,18750,18750,22500,24375,,50000,50000,11700,1,Yes,,,,TRUE,,TRUE,,In Sparking! Mode,Played after a hit,,
8,Goku (Super),BlastSkill1,Super Kamehameha,Beam,,7480,7485,11250,8982,5,30000,30000,,,,,,TRUE,,TRUE,,,Chargeable,,,
8,Goku (Super),BlastSkill2,Dragon Burst,Rush,Lunge Fighting,8794,8794,9674,10553,,30000,15000,8750,2,No,,,,TRUE,,TRUE,,,Played after a hit,,
8,Goku (Super),BlastUltimate,Super Spirit Bomb,Fire,,18375,18375,22050,23888,12,50000,50000,,,,TRUE,,TRUE,,TRUE,,,In Sparking! Mode,Unguardable,Played after a hit,
8,Goku (Super),Replacement Slot2,Power Pole Dance,Rush,Lunge Fighting,9294,9294,10174,11153,,30000,15000,10000,1.5,No,,,,TRUE,,TRUE,,,Played after a hit,,
9,Goku (Super) Super Saiyan,BlastSkill1,Super Kamehameha,Beam,,8550,8550,12860,10260,5,30000,30000,,,,,,TRUE,,TRUE,,,Chargeable,,,
9,Goku (Super) Super Saiyan,BlastSkill2,Dragon Blast,Rush,Lunge Fighting,10051,10051,11055,12061,,30000,15000,8750,2,No,,,,TRUE,,TRUE,,,Played after a hit,,
9,Goku (Super) Super Saiyan,BlastUltimate,Sonic Blast,Rush,Lunge Fighting,18001,18001,21600,23401,,50000,50000,8750,2,No,,,,TRUE,,TRUE,,In Sparking! Mode,Played after a hit,,
10,Goku (Super) Super Saiyan God,BlastSkill1,God Kamehameha,Beam,,8905,8915,13395,10698,5,30000,30000,,,,,,TRUE,,TRUE,,,Chargeable,,,
10,Goku (Super) Super Saiyan God,BlastSkill2,God Impact,Rush,Lunge Fighting,10469,10469,11516,12563,,30000,15000,11700,1,No,,,,TRUE,,TRUE,,,Played after a hit,,
10,Goku (Super) Super Saiyan God,BlastUltimate,God Burst,Beam,,18750,18750,22500,24375,9,50000,50000,,,,,TRUE,TRUE,,TRUE,,,In Sparking! Mode,Played after a hit,,
11,Goku (Super) Super Saiyan God Super Saiyan,BlastSkill1,God Kamehameha,Beam,,9260,9265,13930,11118,5,30000,30000,,,,,,TRUE,,TRUE,,,Chargeable,,,
11,Goku (Super) Super Saiyan God Super Saiyan,BlastSkill2,"""No Hard feelings"" Hit",Rush,Lunge Fighting,10888,10888,11977,13066,,30000,15000,11700,1,No,,,,TRUE,,TRUE,,,Played after a hit,,
11,Goku (Super) Super Saiyan God Super Saiyan,BlastUltimate,Limit Breaker God Kamehameha,Beam,,19501,19501,23401,25351,9,50000,50000,,,,,TRUE,TRUE,,TRUE,,,In Sparking! Mode,Played after a hit,,
12,Goku (Super) Ultra Instinct -Sign-,BlastSkill1,Kamehameha -Sign-,Beam,,9615,9620,10580,11544,5,30000,30000,,,,,,TRUE,,TRUE,,,,,,
12,Goku (Super) Ultra Instinct -Sign-,BlastSkill2,Flash -Sign-,Rush,Lunge Fighting,11807,10174,12937,12209,,30000,15000,11700,1,No,,,,TRUE,,TRUE,,,Played after a hit,,
12,Goku (Super) Ultra Instinct -Sign-,BlastUltimate,Point-Blank Kamehameha,Rush,Lunge Fighting,20250,20250,23401,26325,,50000,50000,8750,2,No,,,,TRUE,,TRUE,,In Sparking! Mode,Played after a hit,,
13,Goku (Super) Ultra Instinct,BlastSkill1,Ultra Kamehameha,Beam,,9975,9975,15000,11970,5,30000,30000,,,,,,TRUE,,TRUE,,,Chargeable,,,
13,Goku (Super) Ultra Instinct,BlastSkill2,Ultra Barrage,Rush,Lunge Fighting,11725,11725,12898,14070,,40000,20000,8750,0.3,No,,,,TRUE,,TRUE,,,Played after a hit,,
13,Goku (Super) Ultra Instinct,BlastUltimate,Supreme Kamehameha,Rush,Lunge Fighting,21000,21000,25200,27300,,50000,50000,8750,2,No,,TRUE,TRUE,TRUE,,TRUE,,In Sparking! Mode,Played after a hit,,
14,Goku (GT),BlastSkill1,Kamehameha,Beam,,7480,7485,11250,8982,5,30000,30000,,,,,,TRUE,,TRUE,,,Chargeable,,,
14,Goku (GT),BlastSkill2,Dragon Fist,Rush,Lunge Fighting,8794,8794,9674,10553,,30000,15000,11700,1,No,,,,TRUE,,TRUE,,,Played after a hit,,
14,Goku (GT),BlastUltimate,Spirit Bomb,Fire,,17063,17063,20475,22182,12,50000,50000,,,,TRUE,,TRUE,,TRUE,,,In Sparking! Mode,Unguardable,Played after a hit,
15,Goku (GT) Super Saiyan,BlastSkill1,Super Kamehameha,Beam,,8550,8550,12860,10260,5,30000,30000,,,,,,TRUE,,TRUE,,,Chargeable,,,
15,Goku (GT) Super Saiyan,BlastSkill2,Full-Power Energy Blast Volley,Continuous Fire,,7496,9008,8248,10810,,30000,30000,,,,,,,,,,,,,,
15,Goku (GT) Super Saiyan,BlastUltimate,Super Explosive wave,Explosive Wave,,18751,18751,22500,24376,,50000,50000,,,,,,TRUE,,,,,In Sparking! Mode,Played after a hit,,
16,Goku (GT) Super Saiyan 3,BlastSkill1,Super Kamehameha,Beam,,8905,8915,13395,10698,5,30000,30000,,,,,,TRUE,,TRUE,,,Chargeable,,,
16,Goku (GT) Super Saiyan 3,BlastSkill2,Full-Power Energy Blast Volley,Continuous Fire,,7808,9376,8592,11251,,30000,30000,,,,,,,,,,,,,,
16,Goku (GT) Super Saiyan 3,BlastUltimate,Dragon Fist,Rush,Lunge Fighting,19646,18750,23000,24375,,50000,50000,11700,1,No,,,,TRUE,,TRUE,,In Sparking! Mode,Played after a hit,,
17,Goku (GT) Super Saiyan 4,BlastSkill1,x10 Kamehameha,Beam,,9260,9265,10185,11118,5,30000,30000,,,,,TRUE,TRUE,,TRUE,,,,,,
17,Goku (GT) Super Saiyan 4,BlastSkill2,Meteor Crash,Rush,Lunge Fighting,11388,10888,12477,13066,,30000,15000,8750,2,No,,,,TRUE,,TRUE,,,Played after a hit,,
17,Goku (GT) Super Saiyan 4,BlastUltimate,Dragon Fist,Rush,Lunge Fighting,19501,19501,23401,25351,,50000,50000,11700,1,No,,,,TRUE,,TRUE,,In Sparking! Mode,Played after a hit,,
18,Goku (Teen),BlastSkill1,Kamehameha,Beam,,6795,6770,10180,8124,5,30000,30000,,,,,,TRUE,,TRUE,,,Chargeable,,,
18,Goku (Teen),BlastSkill2,Commencing Counterattack!,Rush,Lunge Fighting,7957,7957,8752,9548,,30000,15000,8750,2,No,,,,TRUE,,TRUE,,,Played after a hit,,
18,Goku (Teen),BlastUltimate,Supreme Kamehameha,Rush,Lunge Fighting,14250,14250,17100,18525,,50000,50000,8750,2,No,,,,TRUE,,TRUE,,In Sparking! Mode,Played after a hit,,
19,Vegeta (Z - Scouter),BlastSkill1,Galick Gun,Beam,,7125,7125,7835,8550,5,30000,30000,,,,,,TRUE,,TRUE,,,,,,
19,Vegeta (Z - Scouter),BlastSkill2,Final Galick Cannon,Rush,Lunge Fighting,8375,8375,9213,10050,,30000,15000,11700,1,No,,,,TRUE,,TRUE,,,Played after a hit,,
19,Vegeta (Z - Scouter),BlastUltimate,Dirty Fireworks,Rush,Lunge Fighting,15000,15000,18001,19500,,50000,50000,8750,2,No,,,,TRUE,,TRUE,,In Sparking! Mode,Played after a hit,,
20,Great Ape Vegeta,BlastSkill1,Chou Makouhou,Beam,,8910,8915,9800,10698,5,30000,30000,,,,,,,,TRUE,,,,,,
20,Great Ape Vegeta,BlastSkill2,Chou Makouhou Barrage,Continuous Fire,,9633,9636,10596,11563,,30000,30000,,,,,,,,,,,,,,
20,Great Ape Vegeta,BlastUltimate,Super Galick Gun,Beam,,20125,20125,24150,26163,9,50000,50000,,,,,TRUE,TRUE,,TRUE,,,In Sparking! Mode,Played after a hit,,
21,Vegeta (Z - Early),BlastSkill1,Galick Gun,Beam,,7480,7485,8225,8982,5,30000,30000,,,,,,TRUE,,TRUE,,,,,,
21,Vegeta (Z - Early),BlastSkill2,Super Energy Wave Combo,Continuous Fire,,6560,6560,7210,7872,,30000,30000,,,,,,,,,,,,,,
21,Vegeta (Z - Early),BlastUltimate,Super Explosive Wave,Explosive Wave,,16407,16407,19688,21329,,50000,50000,,,,,,TRUE,,,,,In Sparking! Mode,Played after a hit,,
22,Vegeta (Z - Early) Super Saiyan,BlastSkill1,Maximum Flasher,Beam,,8550,8550,9400,10260,5,30000,30000,,,,,,TRUE,,TRUE,,,,,,
22,Vegeta (Z - Early) Super Saiyan,BlastSkill2,Cosmic Impact,Rush,Lunge Fighting,9501,9501,10401,11401,,30000,15000,8750,2,No,,,,TRUE,,TRUE,,,Played after a hit,,
22,Vegeta (Z - Early) Super Saiyan,BlastUltimate,Big Bang Attack,Fire,,18001,18001,21600,23401,8,50000,50000,,,,,,TRUE,,TRUE,,,In Sparking! Mode,Played after a hit,,
23,Super Vegeta,BlastSkill1,Big Bang Attack,Fire,,8550,8550,9405,10260,5,30000,30000,,,,,,TRUE,,TRUE,,,,,,
23,Super Vegeta,BlastSkill2,Spirit Breaking Cannon,Rush,Lunge Fighting,10551,10551,11555,12661,,30000,15000,11700,1,No,,,,TRUE,,TRUE,,,Played after a hit,,
23,Super Vegeta,BlastUltimate,Final Flash,Beam,,19501,19501,23400,25351,9,50000,50000,,,,,TRUE,TRUE,,TRUE,,,In Sparking! Mode,Played after a hit,,
24,Vegeta (Z - End),BlastSkill1,Double Galick Cannon,Rush,Lunge Fighting,8794,8794,9674,10553,,30000,15000,11700,1,No,,,TRUE,TRUE,,TRUE,,,Played after a hit,,
24,Vegeta (Z - End),BlastSkill2,Infinite Blaster,Continuous Fire,,6560,6560,7210,7872,,20000,20000,,,,,,,,,,,,,,
24,Vegeta (Z - End),BlastUltimate,Big Bang Attack,Fire,,15750,15750,18900,20475,8,50000,50000,,,,,,TRUE,,TRUE,,,In Sparking! Mode,Played after a hit,,
25,Vegeta (Z - End) Super Saiyan,BlastSkill1,Final Flash,Beam,,8550,8550,9405,10260,5,30000,30000,,,,,TRUE,TRUE,,TRUE,,,,,,
25,Vegeta (Z - End) Super Saiyan,BlastSkill2,Infinite Blaster,Continuous Fire,,7500,7500,8250,9000,,20000,20000,,,,,,,,,,,,,,
25,Vegeta (Z - End) Super Saiyan,BlastUltimate,Cosmic Circle,Simultaneous Fire,,18001,18001,21600,23401,,50000,50000,,,,,,,,,,,In Sparking! Mode,Played after a hit,,
26,Vegeta (Z - End) Super Saiyan 2,BlastSkill1,Big Bang Attack,Fire,,8550,8550,9405,10260,5,30000,30000,,,,,,,,TRUE,,,,,,
26,Vegeta (Z - End) Super Saiyan 2,BlastSkill2,Infinite Blaster,Continuous Fire,,7500,7500,8250,9000,,20000,20000,,,,,,,,,,,,,,
26,Vegeta (Z - End) Super Saiyan 2,BlastUltimate,Infinity Flasher,Rush,Lunge Fighting,18751,18751,22500,24376,,50000,50000,11700,1,No,,,TRUE,TRUE,,TRUE,,In Sparking! Mode,Played after a hit,,
27,Majin Vegeta,BlastSkill1,Final Impact,Fire,,8125,8125,8935,9750,5,30000,30000,,,,,,TRUE,,TRUE,,,,,,
27,Majin Vegeta,BlastSkill2,Big Bang Attack,Fire,,8906,8907,9796,10688,5,30000,30000,,,,,,,,TRUE,,,,,,
27,Majin Vegeta,BlastUltimate,Final Explosion,Explosive Wave,,25000,25000,30000,32500,,50000,50000,,,,TRUE,,TRUE,,,,You also take damage,In Sparking! Mode,Unguardable,Played after a hit,
28,Vegeta (Super),BlastSkill1,Galick Gun,Beam,,7480,7485,8225,8982,5,30000,30000,,,,,,TRUE,,TRUE,,,,,,
28,Vegeta (Super),BlastSkill2,Absolute,Rush,Lunge Fighting,8794,8794,9674,10553,,30000,15000,8750,2,No,,,,TRUE,,TRUE,,,Played after a hit,,
28,Vegeta (Super),BlastUltimate,Final Flash,Beam,,15735,15735,18900,20456,9,50000,50000,,,,,TRUE,TRUE,,TRUE,,,In Sparking! Mode,,,
29,Vegeta (Super) Super Saiyan,BlastSkill1,God Shine Attack,Fire,,8550,8550,9405,10260,,30000,30000,,,,,,,,,,,,Played after a hit,,
29,Vegeta (Super) Super Saiyan,BlastSkill2,Gamma Fist,Rush,Lunge Fighting,10051,10051,11055,12061,,30000,15000,8750,2,No,,,,TRUE,,TRUE,,,Played after a hit,,
29,Vegeta (Super) Super Saiyan,BlastUltimate,Prominence Flash,Rush,Lunge Fighting,18001,18001,21600,23401,,50000,50000,11700,1,No,,,,TRUE,,TRUE,,In Sparking! Mode,Played after a hit,,
30,Vegeta (Super) Super Saiyan God,BlastSkill1,Galick Rush,Continuous Fire,,8905,8915,9797,10698,,30000,30000,,,,,,TRUE,,,,,,Played after a hit,,
30,Vegeta (Super) Super Saiyan God,BlastSkill2,Galick Uppercut,Rush,Lunge Fighting,10469,10469,11516,12563,,30000,15000,11700,1,No,,,,TRUE,,TRUE,,,Played after a hit,,
30,Vegeta (Super) Super Saiyan God,BlastUltimate,Final Galick Blast,Beam,,18750,18750,22500,24375,9,50000,50000,,,,,TRUE,TRUE,,TRUE,,,In Sparking! Mode,Played after a hit,,
31,Vegeta (Super) Super Saiyan God Super Saiyan,BlastSkill1,God Final Flash,Beam,,9260,9265,10185,11118,5,30000,30000,,,,,TRUE,TRUE,,TRUE,,,,,,
31,Vegeta (Super) Super Saiyan God Super Saiyan,BlastSkill2,Gamma Burst Flash,Short-range energy attack,,9478,9478,10274,11374,,20000,20000,,,,,,TRUE,,,,,,,,
31,Vegeta (Super) Super Saiyan God Super Saiyan,BlastUltimate,Final God Explosion,Explosive Wave,,26001,26001,31201,33801,,50000,50000,,,,TRUE,,TRUE,,,,You also take damage,In Sparking! Mode,Unguardable,Played after a hit,
32,Vegeta (GT) Super Saiyan 4,BlastSkill1,Final Flash,Beam,,9260,9265,10185,11118,5,30000,30000,,,,,TRUE,TRUE,,TRUE,,,,,,
32,Vegeta (GT) Super Saiyan 4,BlastSkill2,Spirit Breaking Cannon,Rush,Lunge Fighting,11388,10888,12477,13066,,30000,15000,11700,1,No,,,,TRUE,,TRUE,,,Played after a hit,,
32,Vegeta (GT) Super Saiyan 4,BlastUltimate,Final Shine Attack,Beam,,19501,19501,23401,25351,9,50000,50000,,,,,,TRUE,,TRUE,,,In Sparking! Mode,Played after a hit,,
33,Gohan (Kid),BlastSkill1,Masenko,Beam,,6765,6770,10180,8124,5,30000,30000,,,,,,,,TRUE,,,Chargeable,,,
33,Gohan (Kid),BlastSkill2,Energy Blast Barrage,Continuous Fire,,5930,7130,6530,8556,,20000,20000,,,,,,,,,,,,,,
33,Gohan (Kid),BlastUltimate,Wild Rush Blaster,Rush,Lunge Fighting,18250,17250,21200,22425,,50000,50000,8750,2,No,,,,TRUE,,TRUE,,In Sparking! Mode,Played after a hit,,
34,Gohan (Teen),BlastSkill1,Super Masenko,Beam,,7125,7125,10715,8550,5,30000,30000,,,,,,TRUE,,TRUE,,,Chargeable,,,
34,Gohan (Teen),BlastSkill2,Energy Blast Barrage,Continuous Fire,,6250,7500,6870,9000,,20000,20000,,,,,,,,,,,,,,
34,Gohan (Teen),BlastUltimate,Super Kamehameha,Beam,,15000,15000,18000,19500,9,50000,50000,,,,,,TRUE,,TRUE,,,In Sparking! Mode,,,
35,Gohan (Teen) Super Saiyan,BlastSkill1,Super Kamehameha,Beam,,8550,8550,12860,10260,5,30000,30000,,,,,,TRUE,,TRUE,,,Chargeable,,,
35,Gohan (Teen) Super Saiyan,BlastSkill2,Super Assault Combo,Rush,Lunge Fighting,10551,10051,11555,12061,,30000,15000,11700,1,No,,,TRUE,TRUE,,TRUE,,,Played after a hit,,
35,Gohan (Teen) Super Saiyan,BlastUltimate,Raging Masenko,Continuous Fire,,18001,18001,21601,23401,,50000,50000,,,,,,TRUE,,,,,In Sparking! Mode,Played after a hit,,
36,Gohan (Teen) Super Saiyan 2,BlastSkill1,Super Kamehameha,Beam,,8905,8915,9795,10698,5,20000,20000,,,,,,TRUE,,TRUE,,,,,,
36,Gohan (Teen) Super Saiyan 2,BlastSkill2,Explosive Rush,Rush,Lunge Fighting,10969,10469,12016,12563,,30000,15000,8750,2,No,,,,TRUE,,TRUE,,,Played after a hit,,
36,Gohan (Teen) Super Saiyan 2,BlastUltimate,Father-Son Kamehameha,Beam,,19250,19250,23100,25025,9,50000,50000,,,,TRUE,,TRUE,,TRUE,,,In Sparking! Mode,Unguardable,Played after a hit,
37,Gohan (Adult),BlastSkill1,Explosive Cannon,Short-range energy attack,,7500,7500,8248,9000,,20000,20000,,,,,,TRUE,,,,,,,,
37,Gohan (Adult),BlastSkill2,Explosive Flash Strike,Rush,Lunge Fighting,8375,8375,9213,10050,,30000,15000,8750,2,No,,,,TRUE,,TRUE,,,Played after a hit,,
37,Gohan (Adult),BlastUltimate,Super Kamehameha,Beam,,15000,15000,18001,19500,9,50000,50000,,,,,,TRUE,,TRUE,,,In Sparking! Mode,Played after a hit,,
38,Gohan (Adult) Super Saiyan,BlastSkill1,Explosive Cannon,Short-range energy attack,,9000,9004,9900,10805,,20000,20000,,,,,,,,,,,,,,
38,Gohan (Adult) Super Saiyan,BlastSkill2,Full-Power Energy Blast Volley,Continuous Fire,,7496,9008,8248,10810,,30000,30000,,,,,,,,,,,,,,
38,Gohan (Adult) Super Saiyan,BlastUltimate,Bros. Kamehameha,Beam,,18001,18001,21600,23401,9,50000,50000,,,,TRUE,,TRUE,,TRUE,,,In Sparking! Mode,Unguardable,Played after a hit,
39,Gohan (Adult) Super Saiyan 2,BlastSkill1,Super Explosive Cannon,Short-range energy attack,,9372,9376,10312,11251,,20000,20000,,,,,,,,,,,,,,
39,Gohan (Adult) Super Saiyan 2,BlastSkill2,Super Explosive Flash Strike,Rush,Lunge Fighting,10969,10469,12016,12563,,30000,15000,8750,2,No,,,,TRUE,,TRUE,,,Played after a hit,,
39,Gohan (Adult) Super Saiyan 2,BlastUltimate,Super Kamehameha,Beam,,18750,18750,22500,24375,9,50000,50000,,,,,TRUE,TRUE,,TRUE,,,In Sparking! Mode,Played after a hit,,
40,Great Saiyaman,BlastSkill1,Justice Bomber,Explosive Wave,,8751,8754,9627,10505,,40000,40000,,,,,,TRUE,,,,,,,,
40,Great Saiyaman,BlastSkill2,Justice Rush,Rush,Lunge Fighting,8375,8375,9213,10050,,30000,15000,8750,2,No,,,,TRUE,,TRUE,,,Played after a hit,,
40,Great Saiyaman,BlastUltimate,Justice Judgment,Rush,Lunge Fighting,15500,15000,18501,19500,,50000,50000,11700,1,No,,,,TRUE,,TRUE,,In Sparking! Mode,Played after a hit,,
41,Ultimate Gohan,BlastSkill1,Super Kamehameha,Beam,,8905,8915,13395,10698,5,30000,30000,,,,,TRUE,TRUE,,TRUE,,,Chargeable,,,
41,Ultimate Gohan,BlastSkill2,Fierce Combination,Rush,Lunge Fighting,10469,10469,11516,12563,,30000,15000,8750,2,No,,,,TRUE,,TRUE,,,Played after a hit,,
41,Ultimate Gohan,BlastUltimate,Burst Rush,Rush,Lunge Fighting,18750,18750,22500,24375,,50000,50000,11700,1,No,,,,TRUE,,TRUE,,In Sparking! Mode,Played after a hit,,
42,Gohan (Future),BlastSkill1,Masenko,Beam,,7480,7485,8225,8982,5,30000,30000,,,,,,,,TRUE,,,Chargeable,,,
42,Gohan (Future),BlastSkill2,Super Destructive Wave,Explosive Wave,,9185,9190,10105,11028,,40000,40000,,,,,,TRUE,,,,,,,,
42,Gohan (Future),BlastUltimate,Super Kamehameha,Beam,,15750,15750,18900,20475,9,50000,50000,,,,,,TRUE,,TRUE,,,In Sparking! Mode,Played after a hit,,
43,Gohan (Future) Super Saiyan,BlastSkill1,Hyper Masenko,Beam,,8550,8550,9405,10260,5,30000,30000,,,,,,,,TRUE,,,,,,
43,Gohan (Future) Super Saiyan,BlastSkill2,Special Beam Cannon,Beam,,10050,10055,15115,12066,,30000,30000,,,,,,TRUE,,,,,Chargeable,,,
43,Gohan (Future) Super Saiyan,BlastUltimate,Fierce Combination,Rush,Lunge Fighting,18001,18001,21600,23401,,50000,50000,11700,1,No,,,TRUE,TRUE,,TRUE,,In Sparking! Mode,Played after a hit,,
44,Piccolo,BlastSkill1,Explosive Demon Wave,Short-range energy attack,,7500,7500,8248,9000,,20000,20000,,,,,,TRUE,,,,,,,,
44,Piccolo,BlastSkill2,Explosive Breath Cannon,Rush,Lunge Fighting,8375,8375,9213,10050,,30000,15000,8750,2,No,,,TRUE,TRUE,,TRUE,,,Played after a hit,,
44,Piccolo,BlastUltimate,Special Beam Cannon,Beam,,15000,15000,18000,19500,,50000,50000,,,,,,,,,,,In Sparking! Mode,,,
45,Piccolo (Fused with Kami),BlastSkill1,Special Beam Cannon,Beam,,7483,7490,13524,8988,,30000,30000,,,,,,,,,,,Chargeable,,,
45,Piccolo (Fused with Kami),BlastSkill2,Light Grenade,Fire,,7481,7485,8229,8982,5,30000,30000,,,,,,,,TRUE,,,,,,
45,Piccolo (Fused with Kami),BlastUltimate,Hellzone Grenade,Simultaneous Fire,,15750,15751,18900,20476,,50000,50000,,,,,,,,,,,In Sparking! Mode,Played after a hit,,
46,Nail,BlastSkill1,Full-Power Energy Wave,Beam,,7125,7125,7835,8550,5,30000,30000,,,,,,,,TRUE,,,,,,
46,Nail,BlastSkill2,Super Destructive Wave,Explosive Wave,,8750,8750,9625,10500,,40000,40000,,,,,,TRUE,,,,,,,,
46,Nail,BlastUltimate,Mystic Flasher,Rush,Lunge Fighting,15000,15000,18001,19500,,50000,50000,8750,2,No,,,,TRUE,,TRUE,,In Sparking! Mode,Played after a hit,,
47,Krillin,BlastSkill1,Kamehameha,Beam,,6765,6770,10180,8124,5,30000,30000,,,,,,TRUE,,TRUE,,,Chargeable,,,
47,Krillin,BlastSkill2,Spread Energy Wave,Simultaneous Fire,Special,13536,6771,14886,8125,,30000,30000,,,,,,,,,,,,,,
47,Krillin,BlastUltimate,Chain Destructo Disc,Continuous Fire,,14428,14252,17100,18528,,50000,50000,,,,TRUE,,TRUE,,,,,In Sparking! Mode,Unguardable,Played after a hit,
48,Yamcha,BlastSkill1,Kamehameha,Beam,,6765,6770,10180,8124,5,30000,30000,,,,,,TRUE,,TRUE,,,Chargeable,,,
48,Yamcha,BlastSkill2,Wolf Fang Fist,Rush,Lunge Fighting,7957,7957,8752,9548,,30000,15000,11700,1,No,,,,TRUE,,TRUE,,,Played after a hit,,
48,Yamcha,BlastUltimate,Spirit Ball,Fire,,14250,14250,17100,18525,,50000,50000,,,,,,,,,,,In Sparking! Mode,Played after a hit,,
49,Tien,BlastSkill1,Dodon Ray,Beam,,7150,7150,7865,8580,,20000,20000,,,,,,TRUE,,,,,,,,
49,Tien,BlastSkill2,Tri-Beam,Fire,,7837,7838,8621,9406,,30000,30000,,,,,,,,,,,,,,
49,Tien,BlastUltimate,Neo Tri-Beam,Fire,,37500,37500,45000,48750,,50000,50000,,,,,,,,,,,In Sparking! Mode,You also take damage,Repeated usage possible,
50,Trunks (Sword),BlastSkill1,Finish Buster,Fire,,7125,7125,7837,8550,5,30000,30000,,,,,,TRUE,,TRUE,,,,,,
50,Trunks (Sword),BlastSkill2,Burning Storm,Continuous Fire,,6250,6250,6875,7500,,30000,30000,,,,,,,,,,,,,,
50,Trunks (Sword),BlastUltimate,Lighting Sword Attack,Fire,,15000,15000,18001,19500,,50000,50000,,,,TRUE,,,,,,,In Sparking! Mode,Unguardable,Played after a hit,
51,Trunks (Sword) Super Saiyan,BlastSkill1,Burning Attack,Fire,,8550,8551,9405,10261,5,30000,30000,,,,,,TRUE,,TRUE,,,,,,
51,Trunks (Sword) Super Saiyan,BlastSkill2,Burning Storm,Continuous Fire,,7500,7500,8250,9000,,30000,30000,,,,,,,,,,,,,,
51,Trunks (Sword) Super Saiyan,BlastUltimate,Shining Sword Attack,Rush,Lunge Fighting,18001,18001,21600,23401,,50000,50000,11700,1,No,,,,TRUE,,TRUE,,In Sparking! Mode,Played after a hit,,
52,Trunks (Melee),BlastSkill1,Burning Attack,Fire,,7481,7485,8229,8982,5,30000,30000,,,,,,TRUE,,TRUE,,,,,,
52,Trunks (Melee),BlastSkill2,High Speed Rush,Rush,Lunge Fighting,8794,8794,9674,10553,,30000,15000,10000,1.5,No,,,,TRUE,,TRUE,,,Played after a hit,,
52,Trunks (Melee),BlastUltimate,Finish Buster,Fire,,15750,15750,18900,20475,8,50000,50000,,,,,,TRUE,,TRUE,,,In Sparking! Mode,,,
53,Trunks (Melee) Super Saiyan,BlastSkill1,Burning Attack,Fire,,8550,8551,9405,10261,5,30000,30000,,,,,,TRUE,,TRUE,,,,,,
53,Trunks (Melee) Super Saiyan,BlastSkill2,Burning Breaker,Rush,Lunge Fighting,10051,10051,11555,12061,,30000,15000,8750,2,No,,,,TRUE,,TRUE,,,Played after a hit,,
53,Trunks (Melee) Super Saiyan,BlastUltimate,Heat Dome Attack,Rush,Lunge Fighting,18001,18001,21600,23401,,50000,50000,11700,1,No,,,,TRUE,,TRUE,,In Sparking! Mode,Played after a hit,,
54,Super Trunks,BlastSkill1,Finish Buster,Fire,,7481,9352,8229,11222,5,30000,30000,,,,,,TRUE,,TRUE,,,,,,
54,Super Trunks,BlastSkill2,Burning Attack,Fire,,7481,7485,8229,8982,5,30000,30000,,,,,,TRUE,,TRUE,,,,,,
54,Super Trunks,BlastUltimate,Super Explosive Wave,Explosive Wave,,16407,16407,19688,21329,,50000,50000,,,,,,TRUE,,,,,In Sparking! Mode,Played after a hit,,
55,Future Trunks,BlastSkill1,Masenko,Beam,,7480,7485,11250,8982,5,30000,30000,,,,,,,,TRUE,,,Chargeable,,,
55,Future Trunks,BlastSkill2,Lightning Sword Slash,Fire,,8794,8794,9674,10553,,30000,30000,,,,TRUE,,,,,,,Unguardable,Played after a hit,,
55,Future Trunks,BlastUltimate,Shining Slash,Rush,Lunge Fighting,15750,15750,18900,20475,,50000,50000,11700,1,No,,,,TRUE,,TRUE,,In Sparking! Mode,Played after a hit,,
56,Future Trunks Super Saiyan,BlastSkill1,Galick Gun,Beam,,8550,8550,9405,10260,5,30000,30000,,,,,,TRUE,,TRUE,,,,,,
56,Future Trunks Super Saiyan,BlastSkill2,Final Flash,Beam,,8550,12825,9405,15390,5,30000,30000,,,,,TRUE,TRUE,,TRUE,,,,,,
56,Future Trunks Super Saiyan,BlastUltimate,Final Hope Slash,Rush,Lunge Fighting,18001,18001,21600,23401,,50000,50000,11700,1,No,,,,TRUE,,TRUE,,In Sparking! Mode,Played after a hit,,
57,Trunks (Kid),BlastSkill1,Full-Power Energy Wave,Beam,,7125,7125,7835,8550,5,30000,30000,,,,,,TRUE,,TRUE,,,,,,
57,Trunks (Kid),BlastSkill2,High Speed Rush,Rush,Lunge Fighting,8375,8375,9213,10050,,30000,15000,10000,1.5,No,,,,TRUE,,TRUE,,,Played after a hit,,
57,Trunks (Kid),BlastUltimate,Finish Buster,Fire,,15000,15000,18000,19500,8,50000,50000,,,,,,TRUE,,TRUE,,,In Sparking! Mode,,,
58,Trunks (Kid) Super Saiyan,BlastSkill1,Full-Power Energy Wave,Beam,,8190,8195,9010,9834,5,30000,30000,,,,,,TRUE,,TRUE,,,,,,
58,Trunks (Kid) Super Saiyan,BlastSkill2,High Speed Rush,Rush,Lunge Fighting,9632,9640,10595,11568,,30000,15000,10000,1.5,No,,,,TRUE,,TRUE,,,Played after a hit,,
58,Trunks (Kid) Super Saiyan,BlastUltimate,Victory Cannon,Beam,,17250,17250,20700,22425,9,50000,50000,,,,,,TRUE,,TRUE,,,In Sparking! Mode,Played after a hit,,
59,Goten,BlastSkill1,Full-Power Energy Wave,Continuous Fire,,6250,6250,6870,7500,,20000,20000,,,,,,,,,,,,,,
59,Goten,BlastSkill2,High Speed Rush,Rush,Lunge Fighting,7125,7125,7838,8550,,20000,10000,6500,1.5,No,,,,TRUE,,TRUE,,,Played after a hit,,
59,Goten,BlastUltimate,Victory Cannon,Beam,,15000,15000,18001,19500,9,50000,50000,,,,,,TRUE,,TRUE,,,In Sparking! Mode,Played after a hit,,
60,Goten Super Saiyan,BlastSkill1,Victory Cannon,Beam,,8190,8195,12320,9834,5,30000,30000,,,,,,TRUE,,TRUE,,,Chargeable,,,
60,Goten Super Saiyan,BlastSkill2,Galactic Donuts,Rush,Lunge Fighting,9632,9640,10595,11568,,30000,15000,11700,1,No,,,,TRUE,,TRUE,,,Played after a hit,,
60,Goten Super Saiyan,BlastUltimate,Super Ghost Kamikaze Attack,Beam,,17250,17250,20700,22425,9,50000,50000,,,,,,TRUE,,TRUE,,,In Sparking! Mode,Played after a hit,,
61,Vegito,BlastSkill1,Big Bang Cannon,Fire,,8906,8907,9796,10688,5,30000,30000,,,,,,,,TRUE,,,,,,
61,Vegito,BlastSkill2,Rampaging Rush,Rush,Lunge Fighting,10469,10469,11516,12563,,30000,15000,8750,2,No,,,,TRUE,,TRUE,,,Played after a hit,,
61,Vegito,BlastUltimate,Super Kamehameha,Beam,,18750,18750,22500,24375,9,50000,50000,,,,,,TRUE,,TRUE,,,In Sparking! Mode,Played after a hit,,
62,Super Vegito,BlastSkill1,Big Bang Attack,Beam,,9260,9265,10185,11118,5,30000,30000,,,,,,TRUE,,TRUE,,,,,,
62,Super Vegito,BlastSkill2,Final Kamehameha,Beam,,9260,13325,10185,15990,5,40000,40000,,,,,TRUE,TRUE,,TRUE,,,,,,
62,Super Vegito,BlastUltimate,Beam Sword Slash,Rush,Lunge Fighting,19501,19501,23401,25351,,50000,50000,11700,1,No,,,,TRUE,,TRUE,,In Sparking! Mode,Played after a hit,,
63,Vegito Super Saiyan God Super Saiyan,BlastSkill1,God Kamehameha,Beam,,9975,9975,15000,11970,5,30000,30000,,,,,,TRUE,,TRUE,,,Chargeable,,,
63,Vegito Super Saiyan God Super Saiyan,BlastSkill2,Omega Finishing Blow,Rush,Lunge Fighting,12225,11725,13398,14070,,30000,15000,11700,1,No,,,,TRUE,,TRUE,,,Played after a hit,,
63,Vegito Super Saiyan God Super Saiyan,BlastUltimate,God Final Kamehameha,Beam,,21000,21000,25200,27300,9,50000,50000,,,,,TRUE,TRUE,,TRUE,,,In Sparking! Mode,Played after a hit,,
64,Super Gogeta (Z),BlastSkill1,Big Bang Kamehameha,Beam,,9260,9265,13930,11118,5,30000,30000,,,,,TRUE,TRUE,,TRUE,,,Chargeable,,,
64,Super Gogeta (Z),BlastSkill2,Punisher Drive,Rush,Lunge Fighting,10888,10888,11977,13066,,40000,20000,8750,0.3,No,,,,TRUE,,TRUE,,,Played after a hit,,
64,Super Gogeta (Z),BlastUltimate,Stardust Breaker,Rush,Lunge Fighting,19501,19501,23401,25351,,50000,50000,11700,1,No,,,,TRUE,,TRUE,,In Sparking! Mode,Played after a hit,,
65,Gogeta (Super),BlastSkill1,Super Kamehameha,Beam,,8905,8915,13395,10698,5,30000,30000,,,,,,TRUE,,TRUE,,,Chargeable,,,
65,Gogeta (Super),BlastSkill2,Super Explosive Wave,Explosive Wave,,10935,10940,12030,13128,,40000,40000,,,,,,TRUE,,,,,,,,
65,Gogeta (Super),BlastUltimate,Big Bang Kamehameha,Beam,,18750,18750,22500,24375,,50000,50000,,,,,,TRUE,,TRUE,,,In Sparking! Mode,Played after a hit,,
66,Gogeta (Super) Super Saiyan,BlastSkill1,Super Kamehameha,Beam,,9260,9265,13930,11118,5,30000,30000,,,,,,TRUE,,TRUE,,,Chargeable,,,
66,Gogeta (Super) Super Saiyan,BlastSkill2,Rising Vortex,Rush,Lunge Fighting,11388,10888,12477,13066,,30000,15000,8750,2,No,,,,TRUE,,TRUE,,,Played after a hit,,
66,Gogeta (Super) Super Saiyan,BlastUltimate,Stardust Fall,Rush,Lunge Fighting,19501,19501,23401,25351,,50000,50000,,,No,,,,TRUE,,TRUE,,In Sparking! Mode,Played after a hit,,
67,Gogeta (Super) Super Saiyan God Super Saiyan,BlastSkill1,Stardust Blaster,Fire,,9975,9975,10725,11970,,30000,30000,,,,,,TRUE,,,,,,,,
67,Gogeta (Super) Super Saiyan God Super Saiyan,BlastSkill2,Meteor Explosion,Rush,Lunge Fighting,11725,11725,12898,14070,,30000,15000,8750,2,No,,,,TRUE,,TRUE,,,Played after a hit,,
67,Gogeta (Super) Super Saiyan God Super Saiyan,BlastUltimate,Ultimate Kamehameha,Beam,,21000,21000,25200,27300,9,50000,50000,,,,,TRUE,TRUE,,TRUE,,,In Sparking! Mode,Played after a hit,,
68,Gogeta (GT) Super Saiyan 4,BlastSkill1,Big Bang Kamehameha,Beam,,9975,9975,15000,11970,5,30000,30000,,,,,,TRUE,,TRUE,,,Chargeable,,,
68,Gogeta (GT) Super Saiyan 4,BlastSkill2,Ultimate Impact,Rush,Lunge Fighting,11725,11725,12898,14070,,30000,15000,11700,1,No,,,,TRUE,,TRUE,,,Played after a hit,,
68,Gogeta (GT) Super Saiyan 4,BlastUltimate,Ultra Big Bang Kamehameha,Beam,,21000,21000,25200,27300,9,50000,50000,,,,,TRUE,TRUE,,TRUE,,,In Sparking! Mode,Played after a hit,,
69,Gotenks,BlastSkill1,Victory Bazooka,Beam,,8550,8550,9405,10260,5,30000,30000,,,,,,TRUE,,TRUE,,,,,,
69,Gotenks,BlastSkill2,DIE DIE Missile Barrage,Rush,Lunge Fighting,10051,10051,11055,12061,,30000,15000,10000,1.5,No,,,,TRUE,,TRUE,,,Played after a hit,,
69,Gotenks,BlastUltimate,Charging Ultra Buu Buu Volleyball,Beam,,18001,18001,21600,23401,9,50000,50000,,,,,,TRUE,,TRUE,,,In Sparking! Mode,Played after a hit,,
70,Gotenks Super Saiyan,BlastSkill1,Boulder Toss Barrage,Beam,,8905,8915,9795,10698,5,30000,30000,,,,,,TRUE,,TRUE,,,,,,
70,Gotenks Super Saiyan,BlastSkill2,Charge!,Fire,,10469,10469,11516,12563,,30000,30000,,,,TRUE,,,,,,,Unguardable,Played after a hit,,
70,Gotenks Super Saiyan,BlastUltimate,Super Kamehameha,Simultaneous Fire,,12500,18750,26250,24375,,50000,50000,,,,TRUE,,,,,,,In Sparking! Mode,Unguardable,,
71,Gotenks Super Saiyan 3,BlastSkill1,Kamehameha,Beam,,9260,9265,10185,11118,5,30000,30000,,,,,,TRUE,,TRUE,,,,,,
71,Gotenks Super Saiyan 3,BlastSkill2,Charge!,Continuous Fire,,8120,9760,8930,11712,,30000,30000,,,,,,TRUE,,,,,,,,
71,Gotenks Super Saiyan 3,BlastUltimate,Double Kamehameha,Rush,Lunge Fighting,20001,20001,23901,26001,,50000,50000,8750,2,No,,,,TRUE,,TRUE,,In Sparking! Mode,Played after a hit,,
72,Videl,BlastSkill1,Videl Kick,Rush,Lunge Fighting,6413,6413,7045,7696,,20000,10000,9750,1.5,No,,,,TRUE,,TRUE,,,Played after a hit,,
72,Videl,BlastSkill2,Desperado Rush,Rush,Lunge Fighting,8038,7538,8792,9046,,30000,15000,11700,1,No,,,,TRUE,,TRUE,,,Played after a hit,,
72,Videl,BlastUltimate,Videl Rush,Rush,Lunge Fighting,13500,13500,16201,17550,,50000,50000,11700,1,No,,,,TRUE,,TRUE,,In Sparking! Mode,Played after a hit,,
73,Master Roshi,BlastSkill1,Orginal Kamehameha,Beam,,5555,5560,6110,6672,5,30000,30000,,,,,,TRUE,,TRUE,,,,,,
73,Master Roshi,BlastSkill2,Thunder Shocl Surprise,Beam,,6533,6533,7186,7840,,40000,40000,,,,TRUE,,,,,,,Unguardable,Played after a hit,,
73,Master Roshi,BlastUltimate,Evil Containment Wave,Short-range energy attack,,14375,15000,17250,19500,,50000,50000,,,,TRUE,,,,,,You also take damage,In Sparking! Mode,Unguardable,Played after a hit,Damage dealt and taken changes based on your opponent's DP.
74,Master Roshi Full Power,BlastSkill1,Orginal Kamehameha,Beam,,6055,6060,6660,7272,5,30000,30000,,,,,,TRUE,,TRUE,,,,,,
74,Master Roshi Full Power,BlastSkill2,Turtle School Ultimate Fist,Rush,Lunge Fighting,7119,7119,7831,8543,,30000,15000,8750,2,No,,,,TRUE,,TRUE,,,Played after a hit,,
74,Master Roshi Full Power,BlastUltimate,Max Power Kamehameha,Beam,,14875,14875,#N/A,19338,9,50000,50000,,,,,,TRUE,,TRUE,,,In Sparking! Mode,Played after a hit,,
75,Frieza (Z) 1st Form,BlastSkill1,Death Beam,Beam,,6824,6826,7507,8191,,20000,20000,,,,,,,,,,,,,,
75,Frieza (Z) 1st Form,BlastSkill2,Punishing Rush,Rush,Lunge Fighting,8794,8794,9674,10553,,30000,15000,8750,2,No,,,,TRUE,,TRUE,,,Played after a hit,,
75,Frieza (Z) 1st Form,BlastUltimate,Death Ball,Fire,,15750,15750,18900,20475,12,50000,50000,,,,,TRUE,TRUE,,TRUE,,,In Sparking! Mode,,,
76,Frieza (Z) 2nd Form,BlastSkill1,Punishing Blaster,Beam,,7120,7120,7835,8544,5,30000,30000,,,,,,,,TRUE,,,,,,
76,Frieza (Z) 2nd Form,BlastSkill2,Death Storm,Explosive Wave,,8748,8748,9624,10498,,40000,40000,,,,,,TRUE,TRUE,,,,,,,
76,Frieza (Z) 2nd Form,BlastUltimate,HAIL Frieza,Rush,Lunge Fighting,16250,16250,19500,21125,,50000,50000,11700,1,No,,,,TRUE,,TRUE,,In Sparking! Mode,Played after a hit,,
77,Frieza (Z) 3rd Form,BlastSkill1,Barrage Death Beam,Beam,,7650,7650,8420,9180,,20000,20000,,,,,,,,,,,,,,
77,Frieza (Z) 3rd Form,BlastSkill2,High Speed Rush,Rush,Lunge Fighting,10260,10260,11286,12312,,30000,15000,10000,1.5,No,,,,TRUE,,TRUE,,,Played after a hit,,
77,Frieza (Z) 3rd Form,BlastUltimate,Crazy Finger Beam,Rush,Lunge Fighting,19141,19141,22969,24883,,50000,50000,8750,2,No,,,,TRUE,,TRUE,,In Sparking! Mode,Played after a hit,,
78,Frieza (Z) 4th Form,BlastSkill1,Barrage Death Beam,Beam,,7960,7970,8760,9564,,20000,20000,,,,,,,,,,,,,,
78,Frieza (Z) 4th Form,BlastSkill2,You Might Die This Time,Rush,Lunge Fighting,10679,10679,11746,12815,,30000,15000,8750,2,No,,,,TRUE,,TRUE,,,Played after a hit,,
78,Frieza (Z) 4th Form,BlastUltimate,I'll Destroy This Planet!,Fire,,18328,18328,21992,23826,12,50000,50000,,,,,TRUE,TRUE,,TRUE,,,In Sparking! Mode,,,
79,Frieza (Z) Full Power,BlastSkill1,Death Saucer,Fire,,9936,9936,10926,11923,,30000,30000,,,,TRUE,,,,,,,Unguardable,,,
79,Frieza (Z) Full Power,BlastSkill2,Nova Strike,Rush,Lunge Fighting,9937,9937,10931,11924,,40000,40000,10000,2,No,TRUE,,,TRUE,,TRUE,,Unguardable,,,
79,Frieza (Z) Full Power,BlastUltimate,I'm the One Who'll Kill You!,Beam,,19875,19875,23850,25838,9,50000,50000,,,,,,TRUE,,TRUE,,,In Sparking! Mode,Played after a hit,,
80,Mecha Frieza,BlastSkill1,Death Beam,Beam,,7150,7150,7865,8580,,20000,20000,,,,,,,,,,,,,,
80,Mecha Frieza,BlastSkill2,Fissure Slash,Fire,,8250,8250,9072,9900,,30000,30000,,,,TRUE,,,,,,,Unguardable,,,
80,Mecha Frieza,BlastUltimate,Supernova,Fire,,16500,16500,19801,21450,12,50000,50000,,,,,TRUE,TRUE,,TRUE,,,In Sparking! Mode,Played after a hit,,
81,Frieza (Super),BlastSkill1,Death Beam,Beam,,7150,7150,7865,8580,,20000,20000,,,,,,,,,,,,,,
81,Frieza (Super),BlastSkill2,Super Nova Strike,Rush,Lunge Fighting,9213,9213,10314,11056,,40000,20000,11700,1,No,TRUE,,,TRUE,,TRUE,,Unguardable,Played after a hit,,
81,Frieza (Super),BlastUltimate,Super Death Ball,Fire,,17188,17188,20625,22344,12,50000,50000,,,,,TRUE,TRUE,,TRUE,,,In Sparking! Mode,Played after a hit,,
82,Golden Frieza,BlastSkill1,Great Death Beam,Beam,,9260,9265,10180,11118,,30000,30000,,,,,,,,,,,,,,
82,Golden Frieza,BlastSkill2,"""No Hard feelings"" Hit",Rush,Lunge Fighting,10888,10888,11977,13066,,30000,15000,11700,1,No,,,,TRUE,,TRUE,,,Played after a hit,,
82,Golden Frieza,BlastUltimate,Earth Breaker,Rush,Lunge Fighting,19501,19501,23401,25351,,50000,50000,8750,2,No,,TRUE,,TRUE,,TRUE,,In Sparking! Mode,Played after a hit,,
83,Cell 2nd Form,BlastSkill1,Kamehameha,Fire,,7481,7485,8229,8982,5,30000,30000,,,,,,TRUE,,TRUE,,,,,,
83,Cell 2nd Form,BlastSkill2,Special Beam Cannon,Rush,Lunge Fighting,9295,7490,10174,8988,,30000,15000,8750,2,No,,,,TRUE,,TRUE,,,Played after a hit,,
83,Cell 2nd Form,BlastUltimate,Drain Life Cell,Explosive Wave,,17063,15751,20475,20476,,50000,50000,11700,1,,TRUE,TRUE,TRUE,TRUE,,,You also take damage,In Sparking! Mode,Unguardable,Played after a hit,
84,Cell Jr.,BlastSkill1,Big Bang Crash,Beam,,6174,7482,9289,8978,,30000,30000,,,,,,,,,,,Chargeable,,,
84,Cell Jr.,BlastSkill2,Drain Life Cell,Rush,Lunge Fighting,8457,8795,9252,10554,,30000,15000,8750,2,No,,,,TRUE,,TRUE,,,Played after a hit,,
84,Cell Jr.,BlastUltimate,Unforgiveable!,Beam,,14250,17062,17100,22181,9,50000,50000,,,,,,TRUE,,TRUE,,,In Sparking! Mode,,,
85,Cell Perfect Form,BlastSkill1,Super Kamehameha,Beam,,9080,9085,13660,10902,5,30000,30000,,,,,,TRUE,,TRUE,,,Chargeable,,,
85,Cell Perfect Form,BlastSkill2,Barrage Death Beam,Beam,,7960,7970,8760,9564,,20000,20000,,,,,,,,,,,,,,
85,Cell Perfect Form,BlastUltimate,Perfect Barrier,Explosive Wave,,19620,20130,23450,26169,,50000,50000,,,,,,TRUE,,,,,In Sparking! Mode,,,
86,Perfect Cell,BlastSkill1,Perfect Beam,Beam,,8125,8125,8935,9750,,20000,20000,,,,,,,,,,,,,,
86,Perfect Cell,BlastSkill2,Perfect Rush,Rush,Lunge Fighting,10969,10469,12016,12563,,30000,15000,11700,1,No,,,,TRUE,,TRUE,,,Played after a hit,,
86,Perfect Cell,BlastUltimate,Solar Kamehameha,Beam,,18750,18750,22500,24375,9,50000,50000,,,,,TRUE,TRUE,,TRUE,,,In Sparking! Mode,Played after a hit,,
87,Cell 1st Form,BlastSkill1,Special Beam Cannon,Beam,,7480,6181,11250,7417,5,30000,30000,,,,,,TRUE,,TRUE,,,Chargeable,,,
87,Cell 1st Form,BlastSkill2,Innocence Rush,Beam,,7483,7987,13524,9584,,30000,30000,,,,,,TRUE,,,,,Chargeable,,,
87,Cell 1st Form,BlastUltimate,Super Kamehameha,Rush,Lunge Fighting,15751,14250,18901,18525,,50000,50000,8750,2,No,,,,TRUE,,TRUE,,In Sparking! Mode,Played after a hit,,
88,Majin Buu,BlastSkill1,Buu Buu Gum,Fire,,9294,8794,10174,10553,,30000,30000,,,,,,,,,,,,Played after a hit,,
88,Majin Buu,BlastSkill2,Super Kamehameha,Beam,,7480,7485,11250,8982,5,30000,30000,,,,,,TRUE,,TRUE,,,Chargeable,,,
88,Majin Buu,BlastUltimate,Angry Explosion,Explosive Wave,,17063,17063,20476,22182,,50000,50000,,,,TRUE,,TRUE,,,,,In Sparking! Mode,Unguardable,Played after a hit,
89,Majin Buu (Evil),BlastSkill1,Super Kamehameha,Beam,,7835,7840,11785,9408,5,30000,30000,,,,,,TRUE,,TRUE,,,Chargeable,,,
89,Majin Buu (Evil),BlastSkill2,Flame Shower Breath,Short-range energy attack,,8250,8250,9072,9900,,30000,30000,,,,TRUE,,,,,,,Unguardable,,,
89,Majin Buu (Evil),BlastUltimate,Guilty Flash,Rush,Lunge Fighting,16500,16500,19801,21450,,50000,50000,8750,2,No,,,,TRUE,,TRUE,,In Sparking! Mode,Played after a hit,,
90,Super Buu,BlastSkill1,Assault Rain,Simultaneous Fire,,11940,11955,13140,14346,,30000,30000,,,,,,,,,,,,,,
90,Super Buu,BlastSkill2,Majin Beam,Beam,,10679,10679,11746,12815,,40000,40000,,,,TRUE,,,,,,,Unguardable,Played after a hit,,
90,Super Buu,BlastUltimate,Revenge Death Bomber,Explosive Wave,,25500,25500,30601,33150,,50000,50000,,,,TRUE,,TRUE,,,,You also take damage,In Sparking! Mode,Unguardable,Played after a hit,
91,Super Buu (Gotenks Absorbed),BlastSkill1,Galatic Donut Volley,Fire,,8907,8907,9797,10688,,30000,30000,,,,TRUE,,,,,,,Unguardable,,,
91,Super Buu (Gotenks Absorbed),BlastSkill2,Special Beam Cannon,Beam,,8911,8918,13405,10702,,30000,30000,,,,,,,,,,,Chargeable,,,
91,Super Buu (Gotenks Absorbed),BlastUltimate,Super Kamehameha,Beam,,18750,18750,22500,24375,9,50000,50000,,,,,,TRUE,,TRUE,,,In Sparking! Mode,Played after a hit,,
92,Super Buu (Gohan Absorbed),BlastSkill1,Super Kamehameha,Beam,,8905,8915,13395,10698,5,30000,30000,,,,,,TRUE,,TRUE,,,Chargeable,,,
92,Super Buu (Gohan Absorbed),BlastSkill2,Majin Beam,Beam,,10469,10469,11516,12563,,40000,40000,,,,TRUE,,,,,,,Unguardable,Played after a hit,,
92,Super Buu (Gohan Absorbed),BlastUltimate,Super Ghost Buu Attack,Simultaneous Fire,,19532,19532,23438,25392,,50000,50000,,,,TRUE,,,,,,,In Sparking! Mode,Unguardable,Played after a hit,
93,Kid Buu,BlastSkill1,Super Kamehameha,Beam,,8905,8915,13395,10698,5,30000,30000,,,,,,TRUE,,TRUE,,,Chargeable,,,
93,Kid Buu,BlastSkill2,Mystic Combination,Rush,Lunge Fighting,10469,10469,11516,12563,,30000,15000,11700,1,No,,,,TRUE,,TRUE,,,Played after a hit,,
93,Kid Buu,BlastUltimate,Planet Burst,Fire,,19532,19532,23438,25392,12,50000,50000,,,,,TRUE,TRUE,,TRUE,,,In Sparking! Mode,Played after a hit,,
94,Mr. Satan,BlastSkill1,Dynomite Kick,Rush,Lunge Fighting,4312,4251,4743,5101,,30000,15000,10000,1.5,No,,,,TRUE,,TRUE,,,Played after a hit,,
94,Mr. Satan,BlastSkill2,Present Bomb,Rush,Lunge Fighting,3163,3176,3479,3811,,30000,15000,11700,1,No,TRUE,,,TRUE,,TRUE,,Unguardable,Played after a hit,,
94,Mr. Satan,BlastUltimate,Mr. Buu Arrives,Rush,Lunge Fighting,9375,9318,11250,12113,,50000,50000,8750,2,No,,,,TRUE,,TRUE,,In Sparking! Mode,Played after a hit,,
95,Chiaotzu,BlastSkill1,Dodon Ray,Beam,,5850,5850,6435,7020,,20000,20000,,,,,,,,,,,,,,
95,Chiaotzu,BlastSkill2,Psychic Rock Throw,Fire,,6412,6413,7053,7696,,20000,20000,,,,,,,,,,,,,,
95,Chiaotzu,BlastUltimate,"Farewell, Mr. Tien",Rush,Lunge Fighting,16750,16250,19401,21125,,50000,50000,8750,2,No,,,TRUE,TRUE,,TRUE,,In Sparking! Mode,Played after a hit,You also take damage,
96,Yajirobe,BlastSkill1,Ka-blam Attack,Rush,Lunge Fighting,5850,5850,6435,7020,,40000,40000,8750,1,No,TRUE,,,TRUE,,TRUE,,Unguardable,,,
96,Yajirobe,BlastSkill2,Flash and Kill,Rush,Lunge Fighting,6533,6533,7186,7840,,30000,15000,8750,2,No,,,,TRUE,,TRUE,,,Played after a hit,,
96,Yajirobe,BlastUltimate,Miracle Ka-Blam Smash,Rush,Lunge Fighting,12000,12000,14400,15600,,50000,50000,11700,1,No,,,,TRUE,,TRUE,,In Sparking! Mode,Played after a hit,,
97,Pan (GT),BlastSkill1,Kamehameha,Beam,,6765,6770,10180,8124,5,30000,30000,,,,,,,,TRUE,,,Chargeable,,,
97,Pan (GT),BlastSkill2,Giru Missile,Rush,Lunge Fighting,7957,7957,8752,9548,,30000,15000,8750,2,No,,,,TRUE,,TRUE,,,Played after a hit,,
97,Pan (GT),BlastUltimate,Maiden's Rage,Rush,Lunge Fighting,14250,14250,17100,18525,,50000,50000,11700,1,No,,,,TRUE,,TRUE,,In Sparking! Mode,Played after a hit,,
98,Uub (GT),BlastSkill1,Super Kamehameha,Beam,,7125,7125,10715,8550,5,30000,30000,,,,,,TRUE,,TRUE,,,Chargeable,,,
98,Uub (GT),BlastSkill2,Blazing Barrage Palm,Rush,Lunge Fighting,8875,8375,9713,10050,,30000,15000,8750,2,No,,,,TRUE,,TRUE,,,Played after a hit,,
98,Uub (GT),BlastUltimate,Super Explosive Wave,Explosive Wave,,17500,17000,20800,22100,,50000,50000,,,,,,TRUE,,,,,In Sparking! Mode,,,
99,Majuub (GT),BlastSkill1,Super Consecutive Energy Blast,Continuous Fire,,6870,8250,7560,9900,,20000,20000,,,,,,,,,,,,,,
99,Majuub (GT),BlastSkill2,Majin Beam,Beam,,9213,9213,10134,11056,,40000,40000,,,,TRUE,,,,,,,Unguardable,Played after a hit,,
99,Majuub (GT),BlastUltimate,Lightning Arrow,Rush,Lunge Fighting,16500,16500,19801,21450,,50000,50000,8750,2,No,,,TRUE,TRUE,,TRUE,,In Sparking! Mode,Played after a hit,,
100,Bardock,BlastSkill1,Riot Blaster,Beam,,7125,7125,7835,8550,5,30000,30000,,,,,,TRUE,,TRUE,,,,,,
100,Bardock,BlastSkill2,Final Revenger,Rush,Lunge Fighting,8875,8375,9713,10050,,30000,15000,11700,1,No,,,,TRUE,,TRUE,,,Played after a hit,,
100,Bardock,BlastUltimate,Final Spirit Cannon,Fire,,15000,15000,18001,19500,8,50000,50000,,,,,,TRUE,,TRUE,,,In Sparking! Mode,Played after a hit,,
101,Raditz,BlastSkill1,Energy Crash,Fire,,6768,6769,7445,8123,5,30000,30000,,,,,,,,TRUE,,,,,,
101,Raditz,BlastSkill2,Sonic Assault,Rush,Lunge Fighting,8457,7957,9252,9548,,30000,15000,8750,2,No,,,,TRUE,,TRUE,,,Played after a hit,,
101,Raditz,BlastUltimate,Begone!,Fire,,14250,14250,17100,18525,8,50000,50000,,,,,,TRUE,,TRUE,,,In Sparking! Mode,Played after a hit,,
102,Saibaman,BlastSkill1,Full-Power Energy Wave,Beam,,6410,6415,7050,7698,5,30000,30000,,,,,,TRUE,,TRUE,,,,,,
102,Saibaman,BlastSkill2,High Speed Rush,Rush,Lunge Fighting,7538,7538,8292,9046,,30000,15000,10000,1.5,No,,,,TRUE,,TRUE,,,Played after a hit,,
102,Saibaman,BlastUltimate,Saibaman Bomb,Rush,Lunge Fighting,14625,14625,17551,19013,,50000,50000,11700,1,No,,,,TRUE,,TRUE,,In Sparking! Mode,Played after a hit,You also take damage,
103,Nappa,BlastSkill1,Volcanic Explosion,Attack opponent's location,,7872,7876,8660,9451,,40000,40000,,,,,,,TRUE,,,,,,,
103,Nappa,BlastSkill2,Blazing Storm,Mow down and explode,,5848,5852,6432,7022,,20000,20000,,,,,,,TRUE,,,,,,,
103,Nappa,BlastUltimate,Nappa Cannon,Beam,,14625,14625,17551,19013,9,50000,50000,,,,,,TRUE,,TRUE,,,In Sparking! Mode,Played after a hit,,
104,Zarbon,BlastSkill1,Shooting Star Arrow,Continuous Fire,,5935,4752,6530,5702,,20000,20000,,,,,,,,,,,,,,
104,Zarbon,BlastSkill2,Bloody Dance,Rush,Lunge Fighting,7125,7125,7838,8550,,30000,15000,8750,2,No,,,,TRUE,,TRUE,,,Played after a hit,,
104,Zarbon,BlastUltimate,Elegant Blaster,Beam,,14250,14250,17100,18525,9,50000,50000,,,,,,TRUE,,TRUE,,,In Sparking! Mode,Played after a hit,,
105,Super Zarbon,BlastSkill1,Elegant Blaster,Beam,,6410,6415,7050,7698,5,30000,30000,,,,,,TRUE,,TRUE,,,,,,
105,Super Zarbon,BlastSkill2,Wild Pressure,Rush,Lunge Fighting,7538,7538,8292,9046,,30000,15000,8750,2,No,,,,TRUE,,TRUE,,,Played after a hit,,
105,Super Zarbon,BlastUltimate,Monster Crush,Rush,Throw,15688,15688,18726,20394,,50000,50000,8750,0.5,No,TRUE,,,TRUE,,TRUE,,In Sparking! Mode,Unguardable,Played after a hit,
106,Dodoria,BlastSkill1,Chou Makouhou,Beam,,6410,6415,7050,7698,5,30000,30000,,,,,,TRUE,,TRUE,,,,,,
106,Dodoria,BlastSkill2,Dodoria Head Ram,Rush,Lunge Fighting,6750,6750,7425,8100,,40000,40000,11700,1.5,No,TRUE,,,TRUE,,TRUE,,Unguardable,,,
106,Dodoria,BlastUltimate,Maximum Buster,Beam,,14625,14625,17551,19013,,50000,50000,,,,,,TRUE,,,,,In Sparking! Mode,Played after a hit,,
107,Cui,BlastSkill1,Full-Power Energy Wave,Beam,,6765,6770,7445,8124,5,30000,30000,,,,,,TRUE,,TRUE,,,,,,
107,Cui,BlastSkill2,Full-Power Energy Wave Combo,Continuous Fire,,5930,7130,6530,8556,,30000,30000,,,,,,,,,,,,,,
107,Cui,BlastUltimate,Ah! Lord Frieza!,Rush,Lunge Fighting,14250,14250,17100,18525,,50000,50000,8750,2,No,,,,TRUE,,TRUE,,In Sparking! Mode,Played after a hit,,
108,Captain Ginyu,BlastSkill1,Full-Power Energy Wave,Beam,,7125,7125,7835,8550,5,30000,30000,,,,,,TRUE,,TRUE,,,,,,
108,Captain Ginyu,BlastSkill2,Galaxy Dynamite,Fire,,7125,7125,7837,8550,5,30000,30000,,,,,,TRUE,,TRUE,,,,,,
108,Captain Ginyu,BlastUltimate,Body Change,Fire,,0,0,19576,0,,50000,50000,,,,,,,TRUE,,,Switch body,In Sparking! Mode,Unguardable,Played after a hit,"When you and your opponent switch bodies, you cannot use
Transformation, Switch, skills, Blasts, or Ultimate Blasts."
109,Recoome,BlastSkill1,Recoome Eraser Gun,Beam,,6410,6415,7050,7698,5,30000,30000,,,,,,,,TRUE,,,,,,
109,Recoome,BlastSkill2,Recoome Grenade Bomber,Continuous Fire,,5628,5640,6192,6768,,30000,30000,,,,,,,,,,,,,,
109,Recoome,BlastUltimate,Recoome Fighting Bomber,Explosive Wave,,16313,13500,0,17550,,50000,50000,,,,,,TRUE,,,,,In Sparking! Mode,Played after a hit,,
110,Burter,BlastSkill1,Full-Power Energy Ball,Fire,,6768,6769,7445,8123,5,30000,30000,,,,,,TRUE,,TRUE,,,,,,
110,Burter,BlastSkill2,Space Mach Attack,Rush,Lunge Fighting,8457,7957,9252,9548,,30000,15000,11700,1,No,,,,TRUE,,TRUE,,,Played after a hit,,
110,Burter,BlastUltimate,Purple Comet Attack,Rush,Lunge Fighting,14250,14250,17100,18525,,50000,50000,8750,2,No,,,,TRUE,,TRUE,,In Sparking! Mode,Played after a hit,,
111,Jeice,BlastSkill1,Full-Power Energy Wave,Beam,,6765,6770,7445,8124,5,30000,30000,,,,,,TRUE,,TRUE,,,,,,
111,Jeice,BlastSkill2,Crusher Ball,Fire,,6768,6769,7445,8123,5,30000,30000,,,,,,,,TRUE,,,,,,
111,Jeice,BlastUltimate,Purple Comet Attack,Rush,Lunge Fighting,14250,14250,17100,18525,,50000,50000,8750,2,No,,,,TRUE,,TRUE,,In Sparking! Mode,Played after a hit,,
112,Guldo,BlastSkill1,Psychic Rock Throw,Fire,,6412,6413,7053,7696,,30000,30000,,,,,,,,,,,,,,
112,Guldo,BlastSkill2,Full-Power Energy Blast Volley,Continuous Fire,,5625,5625,6185,6750,,30000,30000,,,,,,,,,,,,,,
112,Guldo,BlastUltimate,Guldo Special,Fire,,14000,13500,16701,17550,,50000,50000,,,,TRUE,,,,,,,In Sparking! Mode,Unguardable,Played after a hit,
113,King Cold,BlastSkill1,Full-Power Death Beam,Beam,,6768,6769,7445,8123,,20000,20000,,,,,,,,,,,,,,
113,King Cold,BlastSkill2,Super Explosive Wave,Explosive Wave,,8310,8315,9140,9978,,40000,40000,,,,,,TRUE,,,,,,,,
113,King Cold,BlastUltimate,Power of the Cold Clan,Rush,Lunge Fighting,14250,14250,17100,18525,,50000,50000,11700,1,No,,TRUE,TRUE,TRUE,,TRUE,,In Sparking! Mode,Played after a hit,,
114,Android 16,BlastSkill1,Hell's Impact,Fire,,7124,7125,7837,8550,,30000,30000,,,,,,,,,,,,,,
114,Android 16,BlastSkill2,Hell Flash,Rush,Throw,8375,8375,9213,10050,,40000,20000,8750,0.12,No,TRUE,,,TRUE,,TRUE,,Unguardable,Played after a hit,,
114,Android 16,BlastUltimate,Self Destruct Device,Rush,Lunge Fighting,17500,17500,21000,22750,,50000,50000,8750,2,No,TRUE,TRUE,TRUE,TRUE,,TRUE,You also take damage,In Sparking! Mode,Played after a hit,Unguardable,
115,Android 17 (Z),BlastSkill1,High Power Blitz,Fire,,6824,6826,7506,8191,,30000,30000,,,,,,,,,,,,,,
115,Android 17 (Z),BlastSkill2,Super Electric Strike,Beam,,7408,7485,8226,8982,5,30000,30000,,,,,,TRUE,,TRUE,,,,,,
115,Android 17 (Z),BlastUltimate,Barrier Explosion,Rush,Lunge Fighting,15750,15750,18900,20475,,50000,50000,8750,2,No,,,,TRUE,,TRUE,,In Sparking! Mode,Played after a hit,,
116,Android 17 (Super),BlastSkill1,Full-Power Energy Ball,Beam,,7835,7840,8620,9408,5,30000,30000,,,,,,TRUE,,TRUE,,,,,,
116,Android 17 (Super),BlastSkill2,Photon Flash,Fire,,7837,7838,8621,9406,,30000,30000,,,,,,,,,,,,,,
116,Android 17 (Super),BlastUltimate,Sadistic Dance,Rush,Lunge Fighting,17875,17875,21450,23238,,50000,50000,8750,2,No,,,,TRUE,,TRUE,,In Sparking! Mode,Played after a hit,You also take damage,
117,Android 18,BlastSkill1,Infinity Bullet,Continuous Fire,,6560,7880,7210,9456,,20000,20000,,,,,,,,,,,,,,
117,Android 18,BlastSkill2,Energy Wave,Beam,,7480,7878,8225,9454,5,30000,30000,,,,,,TRUE,,TRUE,,,,,,
117,Android 18,BlastUltimate,Sadistic 18,Rush,Lunge Fighting,15750,15750,18900,20475,,50000,50000,8750,2,No,,,,TRUE,,TRUE,,In Sparking! Mode,Played after a hit,,
117,Android 18,Replacement Slot2,Chain Destructo Disc,Fire,,7872,7872,8658,9446,,30000,30000,,,,TRUE,,TRUE,,,,,Unguardable,,,
118,Android 19,BlastSkill1,Full-Power Energy Wave,Beam,,6765,6770,7445,8124,5,30000,30000,,,,,,TRUE,,TRUE,,,,,,
118,Android 19,BlastSkill2,High Power Rush,Rush,Lunge Fighting,8457,7957,9252,9548,,30000,15000,10000,1.5,No,,,,TRUE,,TRUE,,,Played after a hit,,
118,Android 19,BlastUltimate,Drain Life 19,Rush,Lunge Fighting,14251,14251,17101,18526,,50000,50000,8750,2,No,,,,TRUE,,TRUE,,In Sparking! Mode,Played after a hit,,
119,Dr. Gero,BlastSkill1,Full-Power Energy Wave,Beam,,7125,7125,7835,8550,5,30000,30000,,,,,,TRUE,,TRUE,,,,,,
119,Dr. Gero,BlastSkill2,Bionic Punisher,Mow down and explode,,6500,6500,7148,7800,,30000,30000,,,,,,,,,,,,,,
119,Dr. Gero,BlastUltimate,Drain Life 20,Rush,Lunge Fighting,15001,15001,18001,19501,,50000,50000,8750,2,No,,,,TRUE,,TRUE,,In Sparking! Mode,Played after a hit,,
120,Babidi,BlastSkill1,Pui Pui Nice Shot,Rush,Lunge Fighting,7957,7957,8752,9548,,30000,15000,8750,2,No,,,,TRUE,,TRUE,,,Played after a hit,,
120,Babidi,BlastSkill2,Ultimate Explosive Power,Attack opponent's location,,8312,8316,9140,9979,,40000,40000,,,,,,,TRUE,,,,,,,
120,Babidi,BlastUltimate,Super Electroshock Sorcery,Short-range energy attack,,14250,14250,17100,18525,,50000,50000,,,,TRUE,,,,,,,In Sparking! Mode,Unguardable,Played after a hit,
121,Dabura,BlastSkill1,Evil Impulse,Fire,,9084,9085,9992,10902,5,30000,30000,,,,,,,,TRUE,,,,,,
121,Dabura,BlastSkill2,Evil Flame,Short-range energy attack,,9558,9564,10518,11477,,30000,30000,,,,TRUE,,,,,,,Unguardable,,,
121,Dabura,BlastUltimate,Dark Sword Strike,Rush,Lunge Fighting,19125,19125,22951,24863,,50000,50000,11700,1,No,,,,TRUE,,TRUE,,In Sparking! Mode,Played after a hit,,
122,Frieza Force Soldier,BlastSkill1,Energy Wave,Beam,,5625,5625,6185,6750,5,20000,20000,,,,,,,,TRUE,,,,,,
122,Frieza Force Soldier,BlastSkill2,Full-Power Energy Wave,Beam,,6410,6415,7050,7698,5,30000,30000,,,,,,TRUE,,TRUE,,,,,,
122,Frieza Force Soldier,BlastUltimate,Life-Risking Blow!,Rush,Lunge Fighting,13500,13500,16200,17550,,50000,50000,8750,1,No,TRUE,,,TRUE,,TRUE,,In Sparking! Mode,Unguardable,,
123,Broly (Z),BlastSkill1,Full-Power Energy Wave,Beam,,7480,7485,8225,8982,5,30000,30000,,,,,,TRUE,,TRUE,,,,,,
123,Broly (Z),BlastSkill2,High Speed Rush,Rush,Lunge Fighting,8794,8794,9674,10553,,30000,15000,10000,1.5,No,,,,TRUE,,TRUE,,,Played after a hit,,
123,Broly (Z),BlastUltimate,Super Explosive Wave,Explosive Wave,,16407,16407,19688,21329,,50000,50000,,,,,,TRUE,,,,,In Sparking! Mode,Played after a hit,,
124,Broly (Z) Super Saiyan,BlastSkill1,Bloody Smash,Rush,Lunge Fighting,9713,9713,10634,11656,,30000,15000,8750,2,No,,,,TRUE,,TRUE,,,Played after a hit,,
124,Broly (Z) Super Saiyan,BlastSkill2,Trap Shooter,Simultaneous Fire,,7152,7158,7866,8590,,20000,20000,,,,,,,,,,,,,,
124,Broly (Z) Super Saiyan,BlastUltimate,Eraser Cannon,Fire,,17875,17875,21450,23238,,50000,50000,,,,,,TRUE,,,,,In Sparking! Mode,Played after a hit,,
125,Broly (Z) Legendary Super Saiyan,BlastSkill1,Eraser Cannon,Fire,,9262,9263,10188,11116,5,30000,30000,,,,,,TRUE,,TRUE,,,,,,
125,Broly (Z) Legendary Super Saiyan,BlastSkill2,Gigantic Hammer,Rush,Lunge Fighting,10888,10888,11977,13066,,40000,20000,8750,0.25,No,TRUE,,,TRUE,,TRUE,,Unguardable,Played after a hit,,
125,Broly (Z) Legendary Super Saiyan,BlastUltimate,Omega Blaster,Fire,,21938,21938,26325,28519,12,50000,50000,,,,TRUE,TRUE,TRUE,,TRUE,,,In Sparking! Mode,Unguardable,Played after a hit,
126,Broly (Super),BlastSkill1,Full-Power Energy Wave,Beam,,7480,7485,8225,8982,5,30000,30000,,,,,,TRUE,,TRUE,,,,,,
126,Broly (Super),BlastSkill2,Gigantic Crash,Rush,Lunge Fighting,8794,8794,9674,10553,,40000,20000,8750,0.5,No,TRUE,,,TRUE,,TRUE,,Unguardable,Played after a hit,,
126,Broly (Super),BlastUltimate,Gigantic Impact,Rush,Lunge Fighting,15750,15750,18900,20475,,50000,50000,11700,1,No,,,,TRUE,,TRUE,,In Sparking! Mode,Played after a hit,,
127,Broly (Super) Super Saiyan,BlastSkill1,Gigantic Cannon,Beam,,7835,7840,8620,9408,5,30000,30000,,,,,,TRUE,,TRUE,,,,,,
127,Broly (Super) Super Saiyan,BlastSkill2,Gigantic Rage,Rush,Lunge Fighting,9213,9213,10134,11056,,30000,15000,11700,1,No,,,,TRUE,,TRUE,,,Played after a hit,,
127,Broly (Super) Super Saiyan,BlastUltimate,Gigantic Ball,Fire,,17875,17875,21450,23238,12,50000,50000,,,,,TRUE,TRUE,,TRUE,,,In Sparking! Mode,Played after a hit,,
128,Broly (Super) Super Saiyan (Full Power),BlastSkill1,Gigantic Cannon,Beam,,9260,9265,10185,11118,5,30000,30000,,,,,,TRUE,,TRUE,,,,,,
128,Broly (Super) Super Saiyan (Full Power),BlastSkill2,Blaster Meteor,Explosive Wave,,12376,11879,13016,14255,,40000,40000,,,,,,,,,,,,,,
128,Broly (Super) Super Saiyan (Full Power),BlastUltimate,Gigantic Catastrophe,Beam,,21938,21938,26325,28519,12,50000,50000,,,,,,TRUE,,TRUE,,,In Sparking! Mode,Played after a hit,,
129,Super Garlic Jr.,BlastSkill1,Death Impact,Beam,,6765,6770,7445,8124,5,30000,30000,,,,,,TRUE,,TRUE,,,,,,
129,Super Garlic Jr.,BlastSkill2,Darkness Illusion,Rush,Throw,7957,7957,8752,9548,,40000,20000,8750,0.12,No,TRUE,,,TRUE,,TRUE,,Unguardable,Played after a hit,,
129,Super Garlic Jr.,BlastUltimate,Dead Zone,Rush,Lunge Fighting,15438,15438,18525,20069,,50000,50000,11700,1,No,TRUE,,,TRUE,,TRUE,,In Sparking! Mode,Unguardable,Played after a hit,
130,Dr. Wheelo,BlastSkill1,Photon Strike,Fire,,7836,7839,8619,9407,,30000,30000,,,,,,TRUE,,,,,,,,
130,Dr. Wheelo,BlastSkill2,Gigantic bomber,Rush,Lunge Fighting,8250,8250,9075,9900,,40000,40000,11700,1.5,No,TRUE,,,TRUE,,TRUE,,Unguardable,,,
130,Dr. Wheelo,BlastUltimate,Planet Geyser,Beam,,16500,16500,19800,21450,9,50000,50000,,,,,,TRUE,,TRUE,,,In Sparking! Mode,,,
131,Turles,BlastSkill1,Kill Driver,Fire,,7125,7125,7837,8550,5,30000,30000,,,,,,,,TRUE,,,,,,
131,Turles,BlastSkill2,Full-Power Energy Wave Combo,Continuous Fire,,6250,7500,6870,9000,,30000,30000,,,,,,,,,,,,,,
131,Turles,BlastUltimate,Meteor Burst,Rush,Lunge Fighting,15000,15000,18001,19500,,50000,50000,11700,1,No,,,,TRUE,,TRUE,,In Sparking! Mode,Played after a hit,,
132,Lord Slug,BlastSkill1,Finger Beam,Beam,,6768,6769,7445,8123,,20000,20000,,,,,,,,,,,,,,
132,Lord Slug,BlastSkill2,Darkness Eye Beam,Mow down and explode,,6172,6176,6792,7411,,30000,30000,,,,,,,,,,,,,,
132,Lord Slug,BlastUltimate,Power of Darkness,Rush,Lunge Fighting,14250,14250,17100,18525,,50000,50000,11700,1,No,,,,TRUE,,TRUE,,In Sparking! Mode,Played after a hit,,
133,Lord Slug Giant Form,BlastSkill1,Darkness Eye Beam,Mow down and explode,,7800,7804,8580,9365,,30000,30000,,,,,,TRUE,,,,,,,,
133,Lord Slug Giant Form,BlastSkill2,Super Explosive Wave,Explosive Wave,,11503,11003,12053,13204,,40000,40000,,,,,,TRUE,,,,,,,,
133,Lord Slug Giant Form,BlastUltimate,Darkness Blaster,Beam,,19501,19501,23400,25351,9,50000,50000,,,,,,TRUE,,TRUE,,,In Sparking! Mode,Played after a hit,,
134,Cooler,BlastSkill1,Full-Power Energy Wave,Beam,,7835,7840,8620,9408,5,30000,30000,,,,,,TRUE,,TRUE,,,,,,
134,Cooler,BlastSkill2,Darkness Eye Beam,Mow down and explode,,7148,7152,7864,8582,,20000,20000,,,,,,,,,,,,,,
134,Cooler,BlastUltimate,Death Ball,Fire,,16500,16500,19800,21450,12,50000,50000,,,,,TRUE,TRUE,,TRUE,,,In Sparking! Mode,,,
135,Cooler Final Form,BlastSkill1,Death Beam,Beam,,7150,7150,7865,8580,,20000,20000,,,,,,,,,,,,,,
135,Cooler Final Form,BlastSkill2,Death Chaser,Rush,Lunge Fighting,9713,9213,10634,11056,,30000,15000,8750,2,No,,,,TRUE,,TRUE,,,Played after a hit,,
135,Cooler Final Form,BlastUltimate,Supernova,Fire,,17875,17875,21450,23238,12,50000,50000,,,,,TRUE,TRUE,,TRUE,,,In Sparking! Mode,Played after a hit,,
136,Metal Cooler,BlastSkill1,Lock-On Buster,Fire,,8612,8613,9473,10336,,40000,40000,,,,TRUE,,,,,,,Unguardable,,,
136,Metal Cooler,BlastSkill2,Finger Blitz Barrage,Continuous Fire,,8280,7470,9100,8964,,20000,20000,,,,,,,,,,,,,,
136,Metal Cooler,BlastUltimate,Supernova,Fire,,19875,19875,23850,25838,12,50000,50000,,,,,TRUE,TRUE,,TRUE,,,In Sparking! Mode,Played after a hit,,
137,Android 13,BlastSkill1,Full-Power Energy Wave,Beam,,7480,7485,8225,8982,5,30000,30000,,,,,,TRUE,,TRUE,,,,,,
137,Android 13,BlastSkill2,Silent Assassin 13,Rush,Lunge Fighting,8794,8794,9674,10553,,30000,15000,8750,2,No,,,,TRUE,,TRUE,,,Played after a hit,,
137,Android 13,BlastUltimate,S.S. Deadly Bomber,Fire,,15750,15750,18900,20475,8,50000,50000,,,,,,TRUE,,TRUE,,,In Sparking! Mode,,,
138,Fusion Android 13,BlastSkill1,S.S. Deadly Bomber,Fire,,7837,7838,8621,9406,5,30000,30000,,,,,,TRUE,,TRUE,,,,,,
138,Fusion Android 13,BlastSkill2,Super Explosive Wave,Explosive Wave,,9625,9625,10585,11550,,40000,40000,,,,,,TRUE,,,,,,,,
138,Fusion Android 13,BlastUltimate,S.S. Deadly Hammer,Rush,Throw,17875,17875,21450,23238,,50000,50000,8750,0.12,No,TRUE,,,TRUE,,TRUE,,In Sparking! Mode,Unguardable,Played after a hit,
139,Bojack,BlastSkill1,Full-Power Energy Ball,Fire,,7124,7125,7837,8550,5,30000,30000,,,,,,TRUE,,TRUE,,,,,,
139,Bojack,BlastSkill2,Trap Shooter,Simultaneous Fire,,6496,6504,7152,7805,,20000,20000,,,,,,,,,,,,,,
139,Bojack,BlastUltimate,Grand Smasher,Fire,,16245,16245,19495,21119,8,50000,50000,,,,,,TRUE,,TRUE,,,In Sparking! Mode,,,
140,Full-Power Bojack,BlastSkill1,Grand Smasher,Fire,,7837,7838,8621,9406,5,30000,30000,,,,,,TRUE,,TRUE,,,,,,
140,Full-Power Bojack,BlastSkill2,Galactic Tyrant,Rush,Lunge Fighting,9713,9213,10634,11056,,30000,15000,11700,1,No,,,,TRUE,,TRUE,,,Played after a hit,,
140,Full-Power Bojack,BlastUltimate,Galactic Buster,Fire,,17188,17188,20625,22344,8,50000,50000,,,,,,TRUE,,TRUE,,,In Sparking! Mode,Played after a hit,,
141,Janemba,BlastSkill1,Chou Makouhou,Beam,,8910,8915,9800,10698,5,30000,30000,,,,,,TRUE,,TRUE,,,,,,
141,Janemba,BlastSkill2,Rapid Cannon,Simultaneous Fire,,9632,9640,10600,11568,,30000,30000,,,,,,TRUE,,,,,,,,
141,Janemba,BlastUltimate,Illusion Smash,Rush,Throw,19188,19188,22925,24944,,50000,50000,11700,,No,TRUE,,,TRUE,,,,In Sparking! Mode,Unguardable,Played after a hit,
142,Super Janemba,BlastSkill1,Evil Cannon,Beam,,8905,8910,9795,10692,5,30000,30000,,,,,,TRUE,,TRUE,,,,,,
142,Super Janemba,BlastSkill2,Lightning Shower Rain,Simultaneous Fire,,8125,8125,8935,9750,,30000,30000,,,,,,,,,,,,,,
142,Super Janemba,BlastUltimate,Dimension Sword Attack,Rush,Lunge Fighting,18750,18750,22500,24375,,50000,50000,11700,1,No,,,,TRUE,,TRUE,,In Sparking! Mode,Played after a hit,,
143,Tapion,BlastSkill1,Brave Cannon,Fire,,7125,7125,7837,8550,5,30000,30000,,,,,,TRUE,,TRUE,,,,,,
143,Tapion,BlastSkill2,Brave Slash,Continuous Fire,,6250,6250,6875,7500,,30000,30000,,,,TRUE,,,,,,,Unguardable,,,
143,Tapion,BlastUltimate,Brave Sword Attack,Rush,Lunge Fighting,15000,15000,18001,19500,,50000,50000,11700,1,Yes,,,,TRUE,,TRUE,,In Sparking! Mode,Played after a hit,,
144,Hirudegarn,BlastSkill1,Chou Makousen,Short-range energy attack,,10048,10052,11052,12062,,20000,20000,,,,,,TRUE,,,,,,,,
144,Hirudegarn,BlastSkill2,Super Explosive Wave,Explosive Wave,,11000,11005,12050,13206,,40000,40000,,,,,,TRUE,,,,,,,,
144,Hirudegarn,BlastUltimate,Gigantic Flame,Beam,,19501,19501,23400,25351,9,50000,50000,,,,,TRUE,TRUE,,TRUE,,,In Sparking! Mode,Played after a hit,,
145,Baby Vegeta (GT),BlastSkill1,Galick Gun,Beam,,7480,7485,8225,8982,5,30000,30000,,,,,,TRUE,,TRUE,,,,,,
145,Baby Vegeta (GT),BlastSkill2,Finger Blitz Barrage,Continuous Fire,,6560,6580,7200,7896,,20000,20000,,,,,,TRUE,,,,,,,,
145,Baby Vegeta (GT),BlastUltimate,Final Flash,Beam,,15750,15750,18900,20475,9,50000,50000,,,,,TRUE,TRUE,,TRUE,,,In Sparking! Mode,Played after a hit,,
146,Super Baby 1 (GT),BlastSkill1,Galick Gun,Beam,,7835,7840,8620,9408,5,30000,30000,,,,,,TRUE,,TRUE,,,,,,
146,Super Baby 1 (GT),BlastSkill2,Tuffle Revenger,Rush,Lunge Fighting,9713,9213,10634,11056,,30000,15000,8750,2,No,,,,TRUE,,TRUE,,,Played after a hit,,
146,Super Baby 1 (GT),BlastUltimate,Final Flash,Beam,,16500,16500,19801,21450,9,50000,50000,,,,,TRUE,TRUE,,TRUE,,,In Sparking! Mode,Played after a hit,,
147,Super Baby 2 (GT),BlastSkill1,Final Flash,Beam,,8125,8125,8935,9750,5,30000,30000,,,,,,TRUE,,TRUE,,,,,,
147,Super Baby 2 (GT),BlastSkill2,Revenge Cutter,Fire,,7812,7815,8595,9378,,30000,30000,,,,TRUE,,,,,,,Unguardable,,,
147,Super Baby 2 (GT),BlastUltimate,Revenge Death Ball Final,Fire,,17188,17188,20625,22344,8,50000,50000,,,,,TRUE,TRUE,,TRUE,,,In Sparking! Mode,Played after a hit,,
148,Great Ape Baby (GT),BlastSkill1,Super Galick Gun,Beam,,9685,9690,10655,11628,5,30000,30000,,,,,,TRUE,,TRUE,,,,,,
148,Great Ape Baby (GT),BlastSkill2,Gigantic Flame,Short-range energy attack,,8372,8376,9212,10051,,30000,30000,,,,TRUE,,TRUE,,,,,Unguardable,,,
148,Great Ape Baby (GT),BlastUltimate,Revenge Death Ball Final,Fire,,20313,20313,24375,26407,12,50000,50000,,,,,TRUE,TRUE,,TRUE,,,In Sparking! Mode,Played after a hit,,
149,Syn Shenron (GT),BlastSkill1,Trap Shooter,Simultaneous Fire,,7152,7158,7866,8590,,20000,20000,,,,,,,,,,,,,,
149,Syn Shenron (GT),BlastSkill2,Blazing Storm,Mow down and explode,,7148,7152,7864,8582,,20000,20000,,,,,,,,,,,,,,
149,Syn Shenron (GT),BlastUltimate,Gigantic Blaze,Attack opponent's location,,16500,16500,19801,21450,,50000,50000,,,,,,,,,,,In Sparking! Mode,Played after a hit,,
150,Omega Shenron (GT),BlastSkill1,Gigantic Blaze,Attack opponent's location,,9263,9263,10189,11116,,40000,40000,,,,,,,,,,,,Played after a hit,,
150,Omega Shenron (GT),BlastSkill2,Dragon Thunder,Rush,Lunge Fighting,10888,10888,11977,13066,,30000,15000,8750,2,No,,,,TRUE,,TRUE,,,Played after a hit,,
150,Omega Shenron (GT),BlastUltimate,Minus Energy Power Ball,Fire,,19501,19501,23401,25351,12,50000,50000,,,,,TRUE,TRUE,,TRUE,,,In Sparking! Mode,Played after a hit,,
151,Spopovich,BlastSkill1,Beserker Crash,Rush,Lunge Fighting,6375,6375,7012,7650,,40000,40000,8750,1,No,TRUE,,,TRUE,,TRUE,,Unguardable,,,
151,Spopovich,BlastSkill2,Mad Banquet,Rush,Lunge Fighting,7119,7119,7831,8543,,30000,15000,8750,2,No,,,,TRUE,,TRUE,,,Played after a hit,,
151,Spopovich,BlastUltimate,Majin Buu Resurrection,Rush,Lunge Fighting,12750,12750,15300,16575,,50000,50000,11700,1,No,,,,TRUE,,TRUE,,In Sparking! Mode,Played after a hit,,
152,Beerus,BlastSkill1,Sphere of Destruction,Fire,,9975,9975,10972,11970,5,30000,30000,,,,,,TRUE,,TRUE,,,,,,
152,Beerus,BlastSkill2,Hakai Headshot,Rush,Lunge Fighting,11725,11725,12898,14070,,30000,15000,11700,1,No,,,,TRUE,,TRUE,,,Played after a hit,,
152,Beerus,BlastUltimate,Super Sphere of Destruction,Fire,,21000,21000,25200,27300,12,50000,50000,,,,TRUE,TRUE,TRUE,,TRUE,,,In Sparking! Mode,Unguardable,Played after a hit,
153,Whis,BlastSkill1,Prelude to Destruction,Beam,,9100,9100,10010,10920,,30000,30000,,,,,,,,,,,,,,
153,Whis,BlastSkill2,Symphonic Destruction,Short-range energy attack,,10499,10501,11544,12601,,20000,20000,,,,,,,,,,,,,,
153,Whis,BlastUltimate,Epilogue to Destruction,Rush,Lunge Fighting,21000,21000,25200,27300,,50000,50000,8750,2,No,,,TRUE,TRUE,,TRUE,,In Sparking! Mode,Played after a hit,,
154,Goku Black,BlastSkill1,Black Power Ball,Fire,,7481,7482,8229,8978,5,30000,30000,,,,,,,,TRUE,,,,,,
154,Goku Black,BlastSkill2,Black Bind,Rush,Lunge Fighting,8794,8794,9674,10553,,40000,20000,8750,2,No,TRUE,,,TRUE,,TRUE,,Unguardable,Played after a hit,,
154,Goku Black,BlastUltimate,Black Kamehameha,Beam,,15735,15735,18900,20456,9,50000,50000,,,,,,TRUE,,TRUE,,,In Sparking! Mode,,,
155,Goku Black Super Saiyan Rosé,BlastSkill1,Black Kamehameha,Beam,,9260,9265,13930,11118,5,30000,30000,,,,,,TRUE,,TRUE,,,Chargeable,,,
155,Goku Black Super Saiyan Rosé,BlastSkill2,Godly Display Slash,Rush,Lunge Fighting,10888,10888,11977,13066,,30000,15000,11700,1,No,,,,TRUE,,TRUE,,,Played after a hit,,
155,Goku Black Super Saiyan Rosé,BlastUltimate,Godly Black Kamehameha,Rush,Lunge Fighting,19501,19501,23401,25351,,50000,50000,11700,1,No,,,,TRUE,,TRUE,,In Sparking! Mode,Played after a hit,,
156,Zamasu,BlastSkill1,Divine Steel Blast,Fire,,8728,8729,9600,10475,,30000,30000,,,,,,,,,,,,,,
156,Zamasu,BlastSkill2,God Slicer,Rush,Lunge Fighting,10260,10260,11286,12312,,30000,15000,11700,1,No,,,,TRUE,,TRUE,,,Played after a hit,,
156,Zamasu,BlastUltimate,Holy Light Grenade,Fire,,18375,18375,22050,23888,8,50000,50000,,,,,,TRUE,,TRUE,,,In Sparking! Mode,Played after a hit,,
157,Fused Zamasu,BlastSkill1,Holy Wraith,Fire,,9796,9797,10776,11756,5,30000,30000,,,,,TRUE,TRUE,,TRUE,,,,,,
157,Fused Zamasu,BlastSkill2,Blades of Judgement,Continuous Fire,,8590,8600,9450,10320,,30000,30000,,,,,,TRUE,,,,,,,,
157,Fused Zamasu,BlastUltimate,Lightning of Absolution,Rush,Lunge Fighting,20625,20625,24751,26813,,50000,50000,8750,2,No,,,TRUE,TRUE,,TRUE,,In Sparking! Mode,Played after a hit,,
158,Fused Zamasu Half-Corrupted,BlastSkill1,Mark of Condemnation,Fire,,8550,8551,9405,10261,5,30000,30000,,,,,,TRUE,,TRUE,,,,,,
158,Fused Zamasu Half-Corrupted,BlastSkill2,Violent Fierce God Slicer,Rush,Lunge Fighting,10051,10051,11055,12061,,30000,15000,8750,2,No,,,,TRUE,,TRUE,,,Played after a hit,,
158,Fused Zamasu Half-Corrupted,BlastUltimate,Divine Hammer,Rush,Lunge Fighting,20251,20251,24300,26326,,50000,50000,11700,1,No,,,,TRUE,,TRUE,,In Sparking! Mode,Played after a hit,,
159,Hit,BlastSkill1,Assassin's Art,Fire,,9260,9265,10185,11118,,30000,30000,,,,,,,,,,,,,,
159,Hit,BlastSkill2,Time Skip/Jump Strike,Rush,Lunge Fighting,10888,10888,11977,13066,,40000,20000,8750,2,No,,,,TRUE,,TRUE,,,Played after a hit,,
159,Hit,BlastUltimate,Time Prison,Rush,Lunge Fighting,18001,18001,21600,23401,,50000,50000,11700,1,No,,,,TRUE,,TRUE,,In Sparking! Mode,Played after a hit,,
160,Frost,BlastSkill1,Chaos Beam,Beam,,7150,7150,7865,8580,,30000,30000,,,,,,TRUE,,,,,,,,
160,Frost,BlastSkill2,Secret Poison,Rush,Lunge Fighting,9213,9213,10134,11056,,30000,15000,11700,1,No,,,,TRUE,,TRUE,,,Played after a hit,,
160,Frost,BlastUltimate,Chaos Ball,Fire,,16500,16500,19801,21450,8,50000,50000,,,,,TRUE,TRUE,,TRUE,,,In Sparking! Mode,Played after a hit,,
161,Cabba,BlastSkill1,Galick Cannon,Beam,,7480,7485,8225,8982,5,30000,30000,,,,,,TRUE,,TRUE,,,,,,
161,Cabba,BlastSkill2,High Speed Rush,Rush,Lunge Fighting,8794,8794,9674,10553,,30000,15000,10000,1.5,No,,,,TRUE,,TRUE,,,Played after a hit,,
161,Cabba,BlastUltimate,Galick Rage,Rush,Lunge Fighting,15750,15750,18900,20475,,50000,50000,11700,1,No,,,,TRUE,,TRUE,,In Sparking! Mode,Played after a hit,,
162,Cabba Super Saiyan,BlastSkill1,Galick Rain,Continuous Fire,,7500,9000,8250,10800,,30000,30000,,,,,,,,,,,,,,
162,Cabba Super Saiyan,BlastSkill2,Galick Rage,Rush,Lunge Fighting,10051,10051,11055,12061,,30000,15000,11700,1,No,,,,TRUE,,TRUE,,,Played after a hit,,
162,Cabba Super Saiyan,BlastUltimate,Super Galick Cannon,Beam,,18001,18001,21600,23401,9,50000,50000,,,,,,TRUE,,TRUE,,,In Sparking! Mode,Played after a hit,,
163,Cabba Super Saiyan 2,BlastSkill1,Super Galick Cannon,Beam,,8905,8910,9795,10692,5,30000,30000,,,,,,TRUE,,TRUE,,,,,,
163,Cabba Super Saiyan 2,BlastSkill2,Galick Rain,Continuous Fire,,7810,9380,8590,11256,,30000,30000,,,,,,TRUE,,,,,,,,
163,Cabba Super Saiyan 2,BlastUltimate,Final Stream,Beam,,18750,18750,22500,24375,9,50000,50000,,,,,TRUE,TRUE,,TRUE,,,In Sparking! Mode,Played after a hit,,
164,Caulifla,BlastSkill1,Full-Power Energy Wave,Beam,,7480,7485,8225,8982,5,30000,30000,,,,,,TRUE,,TRUE,,,,,,
164,Caulifla,BlastSkill2,Super Explosive Wave,Explosive Wave,,9185,9190,10105,11028,,40000,40000,,,,,,TRUE,,,,,,,,
164,Caulifla,BlastUltimate,Crush Cannon,Simultaneous Fire,,15750,15750,18900,20475,,50000,50000,,,,,,TRUE,,,,,In Sparking! Mode,,,
165,Caulifla Super Saiyan 2,BlastSkill1,Energy Blast,Beam,,8905,8910,9795,10692,5,30000,30000,,,,,,TRUE,,TRUE,,,,,,
165,Caulifla Super Saiyan 2,BlastSkill2,High Power Rush,Rush,Lunge Fighting,10469,10469,11516,12563,,30000,15000,10000,1.5,No,,,,TRUE,,TRUE,,,Played after a hit,,
165,Caulifla Super Saiyan 2,BlastUltimate,Limit Break Blaster,Beam,,19532,19532,23438,25392,9,50000,50000,,,,TRUE,,TRUE,,TRUE,,,In Sparking! Mode,Unguardable,Played after a hit,
166,Kale,BlastSkill1,Resistance Cannon,Beam,,7480,7485,8225,8982,5,30000,30000,,,,,,TRUE,,TRUE,,,,,,
166,Kale,BlastSkill2,Full-Power Energy Blast Volley,Continuous Fire,,6560,7880,7210,9456,,30000,30000,,,,,,,,,,,,,,
166,Kale,BlastUltimate,Resistance Blast,Fire,,15750,15750,18900,20475,8,50000,50000,,,,,,TRUE,,TRUE,,,In Sparking! Mode,,,
167,Kale Super Saiyan (Berserk),BlastSkill1,Gigantic Impact,Fire,,8545,8550,9400,10260,5,30000,30000,,,,,,TRUE,,TRUE,,,,,,
167,Kale Super Saiyan (Berserk),BlastSkill2,Gigantic Throw,Rush,Lunge Fighting,10050,10050,11055,12060,,30000,15000,8750,0.5,No,,,,TRUE,,TRUE,,,Played after a hit,,
167,Kale Super Saiyan (Berserk),BlastUltimate,Berserk Blaster,Explosive Wave,,21000,21000,25200,27300,,50000,50000,,,,,TRUE,TRUE,,,,,In Sparking! Mode,Played after a hit,,
168,Kale Super Saiyan,BlastSkill1,Resistance Blast,Fire,,8550,8550,9405,10260,5,30000,30000,,,,,,TRUE,,TRUE,,,,,,
168,Kale Super Saiyan,BlastSkill2,Super Explosive Wave,Explosive Wave,,10500,10505,11550,12606,,40000,40000,,,,,,TRUE,,,,,,,,
168,Kale Super Saiyan,BlastUltimate,Limit Break Blaster,Beam,,20251,20251,24300,26326,9,50000,50000,,,,TRUE,,TRUE,,TRUE,,,In Sparking! Mode,Unguardable,Played after a hit,
169,Kefla,BlastSkill1,Blaster Ball,Fire,,8550,8551,9405,10261,5,30000,30000,,,,,,,,TRUE,,,,,,
169,Kefla,BlastSkill2,Gigantic Swing,Rush,Lunge Fighting,10051,10051,11055,12061,,30000,15000,8750,0.5,No,,,,TRUE,,TRUE,,,Played after a hit,,
169,Kefla,BlastUltimate,Gigantic Burn,Explosive Wave,,18751,18751,22500,24376,,50000,50000,,,,,,TRUE,,,,,In Sparking! Mode,Played after a hit,,
170,Kefla Super Saiyan,BlastSkill1,Blaster Ball,Fire,,8906,8907,9796,10688,5,30000,30000,,,,,,TRUE,,TRUE,,,,,,
170,Kefla Super Saiyan,BlastSkill2,Gigantic Claw,Rush,Lunge Fighting,10469,10469,11516,12563,,30000,15000,8750,2,No,,,,TRUE,,TRUE,,,Played after a hit,,
170,Kefla Super Saiyan,BlastUltimate,Hexa-Cannonball,Simultaneous Fire,,18750,18750,22500,24375,,50000,50000,,,,,,TRUE,,,,,In Sparking! Mode,Played after a hit,,
171,Kefla Super Saiyan 2,BlastSkill1,Gigantic Ray,Simultaneous Fire,,8448,8454,9294,10145,,30000,30000,,,,,,TRUE,,,,,,,,
171,Kefla Super Saiyan 2,BlastSkill2,Gigantic Breaker,Rush,Lunge Fighting,10888,10888,11977,13066,,30000,15000,11700,1,No,,,,TRUE,,TRUE,,,Played after a hit,,
171,Kefla Super Saiyan 2,BlastUltimate,Gigantic Burst,Explosive Wave,,20313,20313,24376,26407,,50000,50000,,,,,TRUE,TRUE,,,,,In Sparking! Mode,Played after a hit,,
172,Jiren,BlastSkill1,Power Impact,Fire,,9262,9263,10188,11116,5,30000,30000,,,,,,TRUE,,TRUE,,,,,,
172,Jiren,BlastSkill2,Infinity Rush,Rush,Lunge Fighting,10888,10888,11977,13066,,30000,15000,11700,1,No,,,,TRUE,,TRUE,,,Played after a hit,,
172,Jiren,BlastUltimate,Heat Break,Rush,Lunge Fighting,18001,18001,21600,23401,,50000,50000,8750,2,No,,,TRUE,TRUE,,TRUE,,In Sparking! Mode,Played after a hit,,
173,Jiren Full Power,BlastSkill1,Heatwave Magnetron,Beam,,9615,9620,10580,11544,5,30000,30000,,,,,,TRUE,,TRUE,,,,,,
173,Jiren Full Power,BlastSkill2,Overheating Blast,Explosive Wave,,11814,11817,12996,14180,,40000,40000,,,,,,TRUE,,,,,,,,
173,Jiren Full Power,BlastUltimate,Omegaheat Magnetron,Beam,,20250,20250,24301,26325,9,50000,50000,,,,TRUE,TRUE,TRUE,,TRUE,,,In Sparking! Mode,Unguardable,Played after a hit,
174,Toppo,BlastSkill1,Justice Flash,Continuous Fire,,7180,7200,7900,8640,,20000,20000,,,,,,,,,,,,,,
174,Toppo,BlastSkill2,Justice Tornado,Rush,Lunge Fighting,10132,9632,11095,11558,,30000,15000,8750,2,No,,,,TRUE,,TRUE,,,Played after a hit,,
174,Toppo,BlastUltimate,United Justice Stream,Beam,,17250,17250,20700,22425,9,50000,50000,,,,,,TRUE,,TRUE,,,In Sparking! Mode,Played after a hit,,
175,Toppo God of Destruction,BlastSkill1,Destruction Flash,Continuous Fire,,8120,8140,8920,9768,,20000,20000,,,,,,,,,,,,,,
175,Toppo God of Destruction,BlastSkill2,Sphere of Destruction,Fire,,9262,9263,10188,11116,5,30000,30000,,,,,,TRUE,,TRUE,,,,,,
175,Toppo God of Destruction,BlastUltimate,Super Large Sphere of Destruction,Fire,,19501,19501,23401,25351,12,50000,50000,,,,TRUE,TRUE,TRUE,,TRUE,,,In Sparking! Mode,Unguardable,Played after a hit,
176,Dyspo,BlastSkill1,Justice Crusher,Beam,,7835,7840,8620,9408,5,30000,30000,,,,,,TRUE,,TRUE,,,,,,
176,Dyspo,BlastSkill2,Justice Kick,Rush,Lunge Fighting,9213,9213,10134,11056,,30000,15000,11700,1,No,,,,TRUE,,TRUE,,,Played after a hit,,
176,Dyspo,BlastUltimate,United Justice Stream,Beam,,16500,16500,19801,21450,9,50000,50000,,,,,,TRUE,,TRUE,,,In Sparking! Mode,Played after a hit,,
177,Bergamo,BlastSkill1,Wolfgang Penetrator,Beam,,7480,7485,8225,8982,5,30000,30000,,,,,,TRUE,,TRUE,,,,,,
177,Bergamo,BlastSkill2,Danger Knuckle,Rush,Lunge Fighting,8794,8794,9674,10553,,30000,15000,8750,2,No,,,,TRUE,,TRUE,,,Played after a hit,,
177,Bergamo,BlastUltimate,Triangle Danger Beam,Rush,Lunge Fighting,15750,15750,18900,20475,,50000,50000,11700,1,No,,,,TRUE,,TRUE,,In Sparking! Mode,Played after a hit,,
178,Ribrianne,BlastSkill1,Pretty Cannon,Fire,,7124,7125,7837,8550,5,30000,30000,,,,,,,,TRUE,,,,,,
178,Ribrianne,BlastSkill2,Maiden's Charge,Rush,Lunge Fighting,7499,7500,8249,9000,,40000,40000,10000,2,No,TRUE,,,TRUE,,TRUE,,Unguardable,,,
178,Ribrianne,BlastUltimate,Infinite Love,Rush,Lunge Fighting,16750,16250,20000,21125,,50000,50000,11700,1,No,,,,TRUE,,TRUE,,In Sparking! Mode,Played after a hit,,
179,Kakunsa,BlastSkill1,Primal Charge,Rush,Lunge Fighting,6562,6563,7218,7876,,40000,40000,11700,1.5,No,TRUE,,,TRUE,,TRUE,,Unguardable,,,
179,Kakunsa,BlastSkill2,Primal Instinct,Rush,Lunge Fighting,7482,7482,8230,8978,,30000,15000,8750,2,No,,,,TRUE,,TRUE,,,Played after a hit,,
179,Kakunsa,BlastUltimate,Love Synphony,Fire,,15750,15750,18900,20475,8,50000,50000,,,,,,,,TRUE,,,In Sparking! Mode,,,
180,Roasie,BlastSkill1,Yatchaina Fist,Simultaneous Fire,,6560,7880,7210,9456,,30000,30000,,,,,,,,,,,,,,
180,Roasie,BlastSkill2,Full-Power Energy Blast Volley,Continuous Fire,,6560,7880,7210,9456,,30000,30000,,,,,,,,,,,,,,
180,Roasie,BlastUltimate,Love Synphony,Fire,,15750,15750,18900,20475,8,50000,50000,,,,,,,,TRUE,,,In Sparking! Mode,,,
181,Anilaza,BlastSkill1,Warp Punch,Rush,Throw,11388,10888,12477,13066,,40000,20000,8750,,No,,,,TRUE,,,,,Played after a hit,,
181,Anilaza,BlastSkill2,Spread Energy Blast,Simultaneous Fire,,8120,8120,8930,9744,,30000,30000,,,,,,TRUE,,,,,,,,
181,Anilaza,BlastUltimate,Destruction Burst,Fire,,19501,19501,23401,25351,8,50000,50000,,,,,TRUE,TRUE,,TRUE,,,In Sparking! Mode,Played after a hit,,
182,Gohan (Super Hero),BlastSkill1,Masenko,,,7125,7125,8550,8550,,30000,,,,,,,,,,,,,,,
182,Gohan (Super Hero),BlastSkill2,High-Speed Rush,Rush,,8375,8375,10051,10050,,30000,15000,,,,,,,,,,,,,,
182,Gohan (Super Hero),BlastUltimate,Super Kamehameha,,,15000,15000,19500,19500,,30000,,,,,,,,,,,,,,,
183,Gohan (Super Hero) Super Saiyan,BlastSkill1,Explosive Ray,,,8550,8550,10260,10260,,50000,,,,,,,,,,,,,,,
183,Gohan (Super Hero) Super Saiyan,BlastSkill2,Explosive Kick,Rush,,10051,10051,12060,12061,,30000,15000,,,,,,,,,,,,,,
183,Gohan (Super Hero) Super Saiyan,BlastUltimate,Super Kamehameha,,,18001,18001,23400,23401,,50000,,,,,,,,,,,,,,,
184,Gohan (Super Hero) Ultimate Gohan,BlastSkill1,Explosive Bullet,,,8130,8130,9755,9756,,30000,,,,,,,,,,,,,,,
184,Gohan (Super Hero) Ultimate Gohan,BlastSkill2,Super Explosive Rush,Rush,,10888,10888,13066,13066,,30000,15000,,,,,,,,,,,,,,
184,Gohan (Super Hero) Ultimate Gohan,BlastUltimate,Explosive Onslaught,,,19501,19501,25350,25351,,50000,,,,,,,,,,,,,,,
185,Gohan Beast,BlastSkill1,Super Explosive Ray,,,9975,9975,11970,11970,,30000,,,,,,,,,,,,,,,
185,Gohan Beast,BlastSkill2,Explosive Flash,Rush,,11725,11725,14070,14070,,40000,20000,,,,,,,,,,,,,,
185,Gohan Beast,BlastUltimate,Special Beam Cannon,,,21000,21000,27300,27300,,50000,,,,,,,,,,,,,,,
186,Piccolo (Super Hero),BlastSkill1,Full Power Energy Blast Volley,,,5256,5256,7092,6307,,30000,,,,,,,,,,,,,,,
186,Piccolo (Super Hero),BlastSkill2,Full Power Rush,Rush,,8794,8794,10553,10553,,30000,15000,,,,,,,,,,,,,,
186,Piccolo (Super Hero),BlastUltimate,Light Grenade,,,15750,15750,20475,20475,,50000,,,,,,,,,,,,,,,
187,Piccolo (Super Hero) Power Awakening,BlastSkill1,Explosive Ruin,,,8551,8551,10260,10261,,30000,,,,,,,,,,,,,,,
187,Piccolo (Super Hero) Power Awakening,BlastSkill2,Chou Magougeki,Rush,,10051,10051,12060,12061,,30000,15000,,,,,,,,,,,,,,
187,Piccolo (Super Hero) Power Awakening,BlastUltimate,Special Beam Cannon,,,16500,16500,21450,21450,,50000,,,,,,,,,,,,,,,
188,Orange Piccolo,BlastSkill1,Explosive Demon Wave,,,9265,9265,11120,11118,,30000,,,,,,,,,,,,,,,
188,Orange Piccolo,BlastSkill2,Fierce Fist,Rush,,10888,10888,13066,13066,,30000,15000,,,,,,,,,,,,,,
188,Orange Piccolo,BlastUltimate,Special Beam Cannon,,,19501,19501,25350,25351,,50000,,,,,,,,,,,,,,,
189,Orange Piccolo  Giant Form,BlastSkill1,Chou Makouhou,,,10080,10080,12095,12096,,30000,,,,,,,,,,,,,,,
189,Orange Piccolo  Giant Form,BlastSkill2,Mighty Fist,Rush,,9751,9751,11701,11701,,40000,20000,,,,,,,,,,,,,,
189,Orange Piccolo  Giant Form,BlastUltimate,Apocalyptic Burst,,,19501,19501,25350,25351,,50000,,,,,,,,,,,,,,,
190,Gamma 1,BlastSkill1,Gamma Blaster,,,8194,8194,9833,9833,,30000,,,,,,,,,,,,,,,
190,Gamma 1,BlastSkill2,Gamma Impact,Rush,,9632,9640,11558,11568,,30000,15000,,,,,,,,,,,,,,
190,Gamma 1,BlastUltimate,Gamma Shift Shot,,,17250,17250,22425,22425,,50000,,,,,,,,,,,,,,,
191,Gamma 2,BlastSkill1,Gamma Blaster,,,8194,8194,9833,9833,,30000,,,,,,,,,,,,,,,
191,Gamma 2,BlastSkill2,Gamma Impact,Rush,,9632,9640,11558,11568,,30000,15000,,,,,,,,,,,,,,
191,Gamma 2,BlastUltimate,Core Breaker,,,23000,23000,29900,29900,,50000,,,,,,,,,,,,,,,
192,Cell Max,BlastSkill1,Max Cannon,,,10465,10465,12560,12558,,30000,,,,,,,,,,,,,,,
192,Cell Max,BlastSkill2,Mighty Fist,Rush,,10125,10125,12151,12150,,40000,20000,,,,,,,,,,,,,,
192,Cell Max,BlastUltimate,Max Bomb,,,20250,20250,26325,26325,,50000,,,,,,,,,,,,,,,
193,Goku (Mini),BlastSkill1,Quick Rush,Rush,Lunge Fighting,7750,7750,8525,9300,,30000,15000,,,No,,,,TRUE,,TRUE,,,Played after a hit,,
193,Goku (Mini),BlastSkill2,Take This!,Rush,Lunge Fighting,8375,8375,9213,10050,,30000,15000,,,No,,,,TRUE,,TRUE,,,Played after a hit,,
193,Goku (Mini),BlastUltimate,Power Pole Rush,Rush,Lunge Fighting,15000,15000,18001,19500,,50000,50000,,,No,,TRUE,TRUE,TRUE,,TRUE,,In Sparking! Mode,Played after a hit,,
194,Goku (Mini) Super Saiyan,BlastSkill1,Energy Strike,Rush,,8913,8913,10695,10696,,30000,15000,,,,,,,,,,,,,,
194,Goku (Mini) Super Saiyan,BlastSkill2,High Speed Strike,Rush,,9632,9640,11558,11568,,30000,15000,,,,,,,,,,,,,,
194,Goku (Mini) Super Saiyan,BlastUltimate,Super Kamehameha,,,17250,17250,22425,22425,,50000,,,,,,,,,,,,,,,
195,Goku (Mini) Super Saiyan 4,BlastSkill1,Super Kamehameha,,,8910,8910,11583,11583,,,,,,,,,,,,,,,,,
195,Goku (Mini) Super Saiyan 4,BlastSkill2,Dragon Strike,Rush,,10469,10469,13610,13610,,,,,,,,,,,,,,,,,
195,Goku (Mini) Super Saiyan 4,BlastUltimate,Kamehameha Reversal,,,18750,18750,24375,24375,,,,,,,,,,,,,,,,,
196,Vegeta (Mini),BlastSkill1,Full Power Energy Cannon,,,7125,7125,8550,8550,,30000,,,,,,,,,,,,,,,
196,Vegeta (Mini),BlastSkill2,Rising Rush,Rush,,8376,8376,10051,10051,,30000,15000,,,,,,,,,,,,,,
196,Vegeta (Mini),BlastUltimate,Atomic Rush,Rush,,15000,15000,19500,19500,,50000,,,,,,,,,,,,,,,
197,Vegeta (Mini) Super Saiyan,BlastSkill1,Full Power Energy Blast Volley,,,8632,8632,10352,10358,,30000,,,,,,,,,,,,,,,
197,Vegeta (Mini) Super Saiyan,BlastSkill2,Overpowering Crush,Rush,,9632,9640,11558,11568,,30000,15000,,,,,,,,,,,,,,
197,Vegeta (Mini) Super Saiyan,BlastUltimate,Galick Gun,,,17250,17250,22425,22425,,50000,,,,,,,,,,,,,,,
198,Vegeta (Mini) Super Saiyan 2,BlastSkill1,Galick Gun,,,8550,8550,10260,10260,,30000,,,,,,,,,,,,,,,
198,Vegeta (Mini) Super Saiyan 2,BlastSkill2,Head-On Impact,,,10051,10051,12060,12061,,30000,,,,,,,,,,,,,,,
198,Vegeta (Mini) Super Saiyan 2,BlastUltimate,Big Bang Attack,,,18001,18001,23400,23401,,50000,,,,,,,,,,,,,,,
199,Vegeta (Mini) Super Saiyan 3,BlastSkill1,Slash Flash,,,8907,8907,10688,10688,,30000,,,,,,,,,,,,,,,
199,Vegeta (Mini) Super Saiyan 3,BlastSkill2,Vanishing Strike,Rush,,10469,10469,12563,12563,,30000,15000,,,,,,,,,,,,,,
199,Vegeta (Mini) Super Saiyan 3,BlastUltimate,Galick Doom,,,18750,18750,24375,24375,,50000,,,,,,,,,,,,,,,
200,Glorio,BlastSkill1,Bolt Blaster,,,6500,6500,7801,7800,,20000,,,,,,,,,,,,,,,
200,Glorio,BlastSkill2,Electric whip,Rush,,8375,8375,10051,10050,,30000,15000,,,,,,,,,,,,,,
200,Glorio,BlastUltimate,Lightning Cannon,,,15000,15000,19500,19500,,50000,,,,,TRUE,,,,,,,,,,
201,Panzy,BlastSkill1,Last Chance Shot,,,5558,5558,6669,6670,,20000,,,,,,,,,,,,,,,
201,Panzy,BlastSkill2,Last Chance Shock,,,4388,4388,5265,5266,,40000,20000,,,,TRUE,,,,,,,,,,
201,Panzy,BlastUltimate,Kadan Combination,,,12000,12000,15600,15600,,50000,,,,,,,,,,,,,,,
202,Majin Kuu,BlastSkill1,Cresent Energy Wave,,,7482,7485,8978,8982,,30000,,,,,,,,,,,,,,,
202,Majin Kuu,BlastSkill2,Majin Corkscrew Attack,,,7875,7875,9450,9450,,40000,20000,,,,TRUE,,,,,,,,,,
202,Majin Kuu,BlastUltimate,Wild Rush,,,15750,15750,20475,20475,,50000,,,,,,,,,,,,,,,
203,Goku DIAMA Super Saiyan 4,BlastSkill1,True Divine Dragon Strike,,,9751,9751,11701,11701,,30000,,,,,,,,,,,,,,,
203,Goku DIAMA Super Saiyan 4,BlastSkill2,True Flash Dragon Kick,,,10888,10888,13066,13066,,30000,15000,,,,,,,,,,,,,,
203,Goku DIAMA Super Saiyan 4,BlastUltimate,Transendent Kamehameha,,,19501,19501,25350,25351,,50000,,,,,,,,,,,,,,,
204,Vegeta DIAMA Super Saiyan 3,BlastSkill1,Infinite Blaster,,,9751,9380,11701,11256,,30000,,,,,,,,,,,,,,,
204,Vegeta DIAMA Super Saiyan 3,BlastSkill2,Spirit Breaker,,,10888,10469,13066,12563,,40000,20000,,,,,,,,,,,,,,
204,Vegeta DIAMA Super Saiyan 3,BlastUltimate,Maximum Final Flash,,,19501,18750,25351,24375,,50000,,,,,,,,,,,,,,,
205,Majin Duu,BlastSkill1,Powerful Cannon,,,9380,7838,11256,9406,,30000,,,,,,,,,,,,,,,
205,Majin Duu,BlastSkill2,Rolling Attack,,,10469,8250,12563,9900,,40000,,,,,TRUE,,,,,,,,,,
205,Majin Duu,BlastUltimate,Full Power Special Attack,,,18750,16500,24375,21450,,50000,,,,,,,,,,,,,,,
206,Third Eye Gomah,BlastSkill1,Magic Cannon,,,7838,7840,9406,9408,,30000,,,,,,,,,,,,,,,
206,Third Eye Gomah,BlastSkill2,Magic Stream,,,8250,7152,9900,8582,,20000,,,,,,,,,,,,,,,
206,Third Eye Gomah,BlastUltimate,Megic Burst,,,16500,16500,21450,21450,,50000,,,,,TRUE,,,,,,,,,,
207,Giant Gomah,BlastSkill1,Magic Missle,,,7840,9263,9408,11116,,30000,,,,,,,,,,,,,,,
207,Giant Gomah,BlastSkill2,Magic Temptest,,,7152,10888,8582,13066,,40000,,,,,,,,,,,,,,,
207,Giant Gomah,BlastUltimate,Giga Magic Burst,,,16500,19501,21450,25351,,50000,,,,,TRUE,,,,,,,,,,
208,Shallot,BlastSkill1,Wild Cannon,,,9263,7485,11116,8982,,30000,,,,,,,,,,,,,,,
208,Shallot,BlastSkill2,Meteor Break,,,10888,8794,13066,10553,,30000,15000,,,,,,,,,,,,,,
208,Shallot,BlastUltimate,Rising Rush,,,19501,15750,25351,20475,,50000,,,,,,,,,,,,,,,
